baseline_snapshot,path,change_kind,current_blob,line_count,reviewer,review_date,covered_lines,sections,authority_source,finding_or_disposition,counterevidence,review_note
085dae0cf49fca69ce269afeecd6078582a6189b,docs/README.md,content-changed-after-phase2,980bf554a0ac82880e8bb50a6bed861e1abbe90b,98,Codex,2026-09-28,1-98,Zelyr documentation index and governance; Reading rules; Normative documents and precedence; Documentation layout,docs/development/documentation-baseline.md; docs/development/stage-workflow.md; docs/README.md,Post-snapshot document maintenance; no architecture or runtime claim added.,Prior full-text review and governing source remain authoritative; no owner approval or runtime evidence inferred.,Prior full-text review retained; current complete text reconciled against the pinned review and all post-snapshot edits reviewed.
085dae0cf49fca69ce269afeecd6078582a6189b,docs/README.zh-CN.md,content-changed-after-phase2,9f5f3a6424662b499b38bffdf69ec416d0a47308,86,Codex,2026-09-28,1-86,Zelyr 文档索引与治理; 阅读规则; 规范性文档与优先级; 文档布局,docs/development/documentation-baseline.md; docs/development/stage-workflow.md; docs/README.md,Post-snapshot document maintenance; no architecture or runtime claim added.,Prior full-text review and governing source remain authoritative; no owner approval or runtime evidence inferred.,Prior full-text review retained; current complete text reconciled against the pinned review and all post-snapshot edits reviewed.
085dae0cf49fca69ce269afeecd6078582a6189b,docs/development/README.md,content-changed-after-phase2,4f8d8bc3116d65a588409f6eddd92ffb0b6f64ba,47,Codex,2026-09-28,1-47,Development guidance,English source; documentation baseline and linked governing sources,Navigation points to current audit records; normative guidance routing remains intact.,Counterevidence and proof boundaries retained in source phase records.,Prior full-text review retained; current complete text reconciled against the pinned review and all post-snapshot edits reviewed.
085dae0cf49fca69ce269afeecd6078582a6189b,docs/development/README.zh-CN.md,content-changed-after-phase2,185eb41fcf527cddbe9f220d713fbdf7af849c1c,41,Codex,2026-09-28,1-41,开发指南,Chinese translation; English source governs,Navigation points to current audit records; normative guidance routing remains intact.,Counterevidence and proof boundaries retained in source phase records.,Prior full-text review retained; current complete text reconciled against the pinned review and all post-snapshot edits reviewed.
085dae0cf49fca69ce269afeecd6078582a6189b,docs/development/documentation-audit-final.md,added-after-phase2,3093dc78216ef8cde290eaf7e7beffa2a438f17b,74,Codex,2026-09-28,1-74,"Repository documentation audit — consolidated report; 1. Decision and scope; 2. Coverage and evidence; 3. Severity-ranked findings; 4. Existing blockers, deferrals, and open questions; 5. Repair batches and completion route; 6. Validation, change boundary, and limits",English source; documentation baseline and linked governing sources,Current follow-up status updated: owner selected AUD-001 W06 design direction; implementation and runtime evidence remain open.,Counterevidence and proof boundaries retained in source phase records.,Post-closure follow-up reread; current disposition reconciled against P7-W06 design and retained evidence boundaries.
085dae0cf49fca69ce269afeecd6078582a6189b,docs/development/documentation-audit-final.zh-CN.md,added-after-phase2,37722e32d211ff42b25a6ff625488d5025ff9125,79,Codex,2026-09-28,1-79,全仓文档审计——综合报告; 1. 结论与范围; 2. 覆盖范围与证据; 3. 按严重性排序的发现; 4. 既有阻塞、合理延期与开放问题; 5. 修复批次与审计闭环路线; 6. 验证、变更边界与限制,Chinese translation; English source governs,Current follow-up status updated: owner selected AUD-001 W06 design direction; implementation and runtime evidence remain open.,Counterevidence and proof boundaries retained in source phase records.,Post-closure follow-up reread; current disposition reconciled against P7-W06 design and retained evidence boundaries.
085dae0cf49fca69ce269afeecd6078582a6189b,docs/development/documentation-audit-handoff.md,content-changed-after-phase2,46438e71238c65391e1f940b414d7cb7d9640ae5,147,Codex,2026-09-28,1-147,Repository documentation audit — continuation handoff; Current disposition (2026-09-28 follow-up); 1. Resume here; 2. Confirmed findings from the partial audit; AUD-001 — P7-W06 lost wakeup (implementation blocker); AUD-002 — P3-W08 timeout reuse contradicts receiver ownership (implementation blocker); AUD-003 — P1 mapping guarantee is overstated by P3/P4 (handoff blocker); AUD-004 — P4 single-space contract cannot directly supply P7 multi-VM switching (handoff blocker); AUD-005 — P6-W04 SGI accounting compares different units (acceptance blocker); AUD-006 — P8 closure assigns competing authoritative homes (contract ambiguity),English source; documentation baseline and linked governing sources,Current follow-up status updated: owner selected AUD-001 W06 design direction; implementation and runtime evidence remain open.,Counterevidence and proof boundaries retained in source phase records.,Post-closure follow-up reread; current disposition reconciled against P7-W06 design and retained evidence boundaries.
085dae0cf49fca69ce269afeecd6078582a6189b,docs/development/documentation-audit-handoff.zh-CN.md,content-changed-after-phase2,d717148d6b72cd317ab5340e3673e2ffbe1b8113,150,Codex,2026-09-28,1-150,全仓文档审计——后续接手记录; 当前状态（2026-09-28 后续更新）; 1. 从这里接手; 2. 阶段性审计确认的问题; AUD-001 — P7-W06 丢失唤醒（实现阻塞）; AUD-002 — P3-W08 超时重用与接收方所有权冲突（实现阻塞）; AUD-003 — P3/P4 扩大了 P1 映射保证（交接阻塞）; AUD-004 — P4 单地址空间契约不能直接支持 P7 多 VM 切换（交接阻塞）; AUD-005 — P6-W04 SGI 统计比较了不同单位（验收阻塞）; AUD-006 — P8 闭环指定了竞争的权威位置（契约歧义）,Chinese translation; English source governs,Current follow-up status updated: owner selected AUD-001 W06 design direction; implementation and runtime evidence remain open.,Counterevidence and proof boundaries retained in source phase records.,Post-closure follow-up reread; current disposition reconciled against P7-W06 design and retained evidence boundaries.
085dae0cf49fca69ce269afeecd6078582a6189b,docs/development/documentation-audit-phase2.md,added-after-phase2,146067b8f71fd78f948e1eae6620123a7d85a69d,78,Codex,2026-09-28,1-78,Repository documentation audit — phase 2 full-text review; 1. Scope and identity; 2. Method and evidence boundary; 3. Findings carried forward and rechecked; 4. Additional high-impact contract findings; 5. Remediation route; 6. Completion limits and next step,English source; documentation baseline and linked governing sources,Historical phase scope and evidence limits preserved.,Counterevidence and proof boundaries retained in source phase records.,Prior full-text review retained; current complete text reconciled against the pinned review and all post-snapshot edits reviewed.
085dae0cf49fca69ce269afeecd6078582a6189b,docs/development/documentation-audit-phase2.zh-CN.md,added-after-phase2,63b7a5b75d244e5b2c3d72556320170c05d4895d,81,Codex,2026-09-28,1-81,全仓文档审计——第二阶段全文审阅; 1. 范围与快照身份; 2. 方法与证据边界; 3. 复查并延续的发现; 4. 其他高影响合同发现; 5. 修复路线; 6. 完成边界与下一步,Chinese translation; English source governs,Historical phase scope and evidence limits preserved.,Counterevidence and proof boundaries retained in source phase records.,Prior full-text review retained; current complete text reconciled against the pinned review and all post-snapshot edits reviewed.
085dae0cf49fca69ce269afeecd6078582a6189b,docs/development/documentation-audit-phase3.md,added-after-phase2,9105367a5f1f28585697bdba63725f362a1b1676,57,Codex,2026-09-28,1-57,Repository documentation audit — phase 3 package handoffs; 1. Snapshot and coverage; 2. Dependency and handoff cycle review; 3. Priority handoff findings; 4. Repair route and limits,English source; documentation baseline and linked governing sources,Historical phase scope and evidence limits preserved.,Counterevidence and proof boundaries retained in source phase records.,Prior full-text review retained; current complete text reconciled against the pinned review and all post-snapshot edits reviewed.
085dae0cf49fca69ce269afeecd6078582a6189b,docs/development/documentation-audit-phase3.zh-CN.md,added-after-phase2,7a9bde29d2a9757d8892c3129cbd34276fece4fb,60,Codex,2026-09-28,1-60,仓库文档审计——第三阶段：工作包交接映射; 1. 快照与覆盖范围; 2. 依赖和交接环核对; 3. 优先交接发现; 4. 修复路线与边界,Chinese translation; English source governs,Historical phase scope and evidence limits preserved.,Counterevidence and proof boundaries retained in source phase records.,Prior full-text review retained; current complete text reconciled against the pinned review and all post-snapshot edits reviewed.
085dae0cf49fca69ce269afeecd6078582a6189b,docs/development/documentation-audit-phase4.md,added-after-phase2,f7293d482e2b2408a2e491377b7dc01490b67333,45,Codex,2026-09-28,1-45,Repository documentation audit — phase 4 boundary review; Findings; AUD-001–007 re-review; Repair order and limits,English source; documentation baseline and linked governing sources,Historical phase scope and evidence limits preserved.,Counterevidence and proof boundaries retained in source phase records.,Prior full-text review retained; current complete text reconciled against the pinned review and all post-snapshot edits reviewed.
085dae0cf49fca69ce269afeecd6078582a6189b,docs/development/documentation-audit-phase4.zh-CN.md,added-after-phase2,934e9d84a031b1690a37fb40a20a0df03007f878,47,Codex,2026-09-28,1-47,全仓文档审计——阶段 4 跨阶段边界复核; 发现; AUD-001–007 复核; 修复顺序与边界,Chinese translation; English source governs,Historical phase scope and evidence limits preserved.,Counterevidence and proof boundaries retained in source phase records.,Prior full-text review retained; current complete text reconciled against the pinned review and all post-snapshot edits reviewed.
085dae0cf49fca69ce269afeecd6078582a6189b,docs/development/documentation-audit-phase5.md,added-after-phase2,a3f6c05af7341ede89a47c0a29fc3d1853691132,28,Codex,2026-09-28,1-28,Repository documentation audit — phase 5 selective evidence review; Results; Validation and limits,English source; documentation baseline and linked governing sources,Historical phase scope and evidence limits preserved.,Counterevidence and proof boundaries retained in source phase records.,Prior full-text review retained; current complete text reconciled against the pinned review and all post-snapshot edits reviewed.
085dae0cf49fca69ce269afeecd6078582a6189b,docs/development/documentation-audit-phase5.zh-CN.md,added-after-phase2,71b8ee4a09ae3577300a6304add3c771d39701a0,33,Codex,2026-09-28,1-33,全仓文档审计——阶段 5：选择性证据核验; 结果; 验证与限制,Chinese translation; English source governs,Historical phase scope and evidence limits preserved.,Counterevidence and proof boundaries retained in source phase records.,Prior full-text review retained; current complete text reconciled against the pinned review and all post-snapshot edits reviewed.
085dae0cf49fca69ce269afeecd6078582a6189b,docs/development/documentation-audit-phase6.md,added-after-phase2,deb9c8e79cb0dd39a6c101f9b98170dce2c6326c,30,Codex,2026-09-28,1-30,Repository documentation audit — phase 6 mechanical checks; Results; Limits and next work,English source; documentation baseline and linked governing sources,"Mechanical documentation findings repaired; current link, anchor, metadata, and translation results recorded in phase 6.",Counterevidence and proof boundaries retained in source phase records.,Prior full-text review retained; current complete text reconciled against the pinned review and all post-snapshot edits reviewed.
085dae0cf49fca69ce269afeecd6078582a6189b,docs/development/documentation-audit-phase6.zh-CN.md,added-after-phase2,9d9b7a1eac3864207faca62e2d1ff2db3f740ffb,35,Codex,2026-09-28,1-35,全仓文档审计——阶段 6：机械检查; 结果; 限制与后续,Chinese translation; English source governs,"Mechanical documentation findings repaired; current link, anchor, metadata, and translation results recorded in phase 6.",Counterevidence and proof boundaries retained in source phase records.,Prior full-text review retained; current complete text reconciled against the pinned review and all post-snapshot edits reviewed.
085dae0cf49fca69ce269afeecd6078582a6189b,docs/development/documentation-audit-phase7.md,added-after-phase2,01b082e280dd7b24ead79d22b0dae1ed20d37168,58,Codex,2026-09-28,1-58,Repository documentation audit — phase 7 closure reconciliation; 1. Closure result; 2. Cross-stage census and result; 3. Findings and evidence boundary; 4. Delivery boundary and validation,English source; documentation baseline and linked governing sources,Current follow-up status updated: owner selected AUD-001 W06 design direction; implementation and runtime evidence remain open.,Counterevidence and proof boundaries retained in source phase records.,Post-closure follow-up reread; current disposition reconciled against P7-W06 design and retained evidence boundaries.
085dae0cf49fca69ce269afeecd6078582a6189b,docs/development/documentation-audit-phase7.zh-CN.md,added-after-phase2,4a1a37b3e96a826c3aa4556af207b5684d060bdf,58,Codex,2026-09-28,1-58,全仓文档审计——阶段 7：闭环核对; 1. 闭环结论; 2. 跨阶段关系清点与结果; 3. 发现与证据边界; 4. 交付边界与验证,Chinese translation; English source governs,Current follow-up status updated: owner selected AUD-001 W06 design direction; implementation and runtime evidence remain open.,Counterevidence and proof boundaries retained in source phase records.,Post-closure follow-up reread; current disposition reconciled against P7-W06 design and retained evidence boundaries.
085dae0cf49fca69ce269afeecd6078582a6189b,docs/stages/p0/task-book-v0.1.md,content-changed-after-phase2,201198eff8597168f8a11a455293ad4706e49db6,180,Codex,2026-09-28,1-180,Zelyr Hypervisor — P0 Stage Task Book v0.1; 1. Purpose and boundary; Required; Reserved; Out of scope; 2. Inputs and non-negotiable constraints; 3. Delivery hierarchy and reading order; 4. Work-package map; 5. Work-package requirements; 6. Stage validation matrix,docs/development/stage-workflow.md; docs/development/documentation-baseline.md; docs/stages/p0/task-book-v0.1.md,Current version metadata added without changing task-book scope or acceptance criteria.,Prior full-text review and governing source remain authoritative; no owner approval or runtime evidence inferred.,Prior full-text review retained; current complete text reconciled against the pinned review and all post-snapshot edits reviewed.
085dae0cf49fca69ce269afeecd6078582a6189b,docs/stages/p0/task-book-v0.1.zh-CN.md,content-changed-after-phase2,ab5aad5ee20394b31ab59ac394a506b7db10fcee,152,Codex,2026-09-28,1-152,Zelyr Hypervisor — P0 阶段任务书 v0.1; 1. 目的与边界; 必需; 预留; 范围外; 2. 输入与不可协商的约束; 3. 交付层级与阅读顺序; 4. 工作包图; 5. 工作包需求; 6. 阶段验证矩阵,docs/development/stage-workflow.md; docs/development/documentation-baseline.md; docs/stages/p0/task-book-v0.1.md,Current translation metadata updated to match the authoritative English source.,Prior full-text review and governing source remain authoritative; no owner approval or runtime evidence inferred.,Prior full-text review retained; current complete text reconciled against the pinned review and all post-snapshot edits reviewed.
085dae0cf49fca69ce269afeecd6078582a6189b,docs/stages/p1/task-book-v0.2.md,content-changed-after-phase2,c19f2c6ce09a424c538a6cdd72dbfe5e8b9cd37d,175,Codex,2026-09-28,1-175,Zelyr Hypervisor — P1 Stage Task Book v0.2; 1. Purpose and boundary; 2. Scope classification; Required; Reserved; Out of scope; 3. Work-package map; 4. Dependency and execution map; 5. Requirement-to-validation traceability; 6. Stage validation matrix,docs/development/stage-workflow.md; docs/development/documentation-baseline.md; docs/stages/p1/task-book-v0.2.md,Current version metadata added without changing task-book scope or acceptance criteria.,Prior full-text review and governing source remain authoritative; no owner approval or runtime evidence inferred.,Prior full-text review retained; current complete text reconciled against the pinned review and all post-snapshot edits reviewed.
085dae0cf49fca69ce269afeecd6078582a6189b,docs/stages/p1/task-book-v0.2.zh-CN.md,content-changed-after-phase2,b64c089b92e14e3f017f86cbc59c3eb3a029a11b,157,Codex,2026-09-28,1-157,Zelyr Hypervisor — P1 阶段任务书 v0.2; 1. 目的与边界; 2. 范围分类; 必需; 预留; 范围外; 3. 工作包图; 4. 依赖与执行图; 5. 需求到验证的可追溯性; 6. 阶段验证矩阵,docs/development/stage-workflow.md; docs/development/documentation-baseline.md; docs/stages/p1/task-book-v0.2.md,Current translation metadata updated to match the authoritative English source.,Prior full-text review and governing source remain authoritative; no owner approval or runtime evidence inferred.,Prior full-text review retained; current complete text reconciled against the pinned review and all post-snapshot edits reviewed.
085dae0cf49fca69ce269afeecd6078582a6189b,docs/stages/p2/implementation/p2-w01-w02-prerequisite-conflict.md,content-changed-after-phase2,8ce80d8f7fdbe6079d8a190ace161a8c889796cb,55,Codex,2026-09-28,1-55,P2-W01/W02 prerequisite conflict: boot DTB access; Observed contracts; Original decision required before boot integration,"P2 task book and selected P2 work-package plan, as routed by P2 implementation index; current-baseline amendments and implementation/verification records where applicable; repository ADR baseline / Coding Guidelines as cited by the document.",Post-snapshot document maintenance; no architecture or runtime claim added.,Prior full-text review and governing source remain authoritative; no owner approval or runtime evidence inferred.,Prior full-text review retained; current complete text reconciled against the pinned review and all post-snapshot edits reviewed.
085dae0cf49fca69ce269afeecd6078582a6189b,docs/stages/p2/task-book-v0.1.md,content-changed-after-phase2,cb186b6667f31705f33702fe089cb4cd873c21dd,221,Codex,2026-09-28,1-221,"Zelyr Hypervisor — P2 Stage Task Book v0.1; 1. Purpose and stage boundary; Required; Reserved; Out of scope; 2. Inputs, constraints, and state; 3. Architecture-change record; 4. Work-package map; 5. Dependency and execution map; 6. Requirement-to-validation traceability",docs/development/stage-workflow.md; docs/development/documentation-baseline.md; docs/stages/p2/task-book-v0.1.md,Current version metadata added without changing task-book scope or acceptance criteria.,Prior full-text review and governing source remain authoritative; no owner approval or runtime evidence inferred.,Prior full-text review retained; current complete text reconciled against the pinned review and all post-snapshot edits reviewed.
085dae0cf49fca69ce269afeecd6078582a6189b,docs/stages/p2/task-book-v0.1.zh-CN.md,content-changed-after-phase2,e05a54e35f10b3e45e49e0c7be0ea3589677c498,182,Codex,2026-09-28,1-182,Zelyr Hypervisor — P2 阶段任务书 v0.1; 1. 目的与阶段边界; 必需; 预留; 范围外; 2. 输入、约束与状态; 3. 架构变更记录; 4. 工作包图; 5. 依赖与执行图; 6. 需求到验证的可追溯性,"P2 task book and selected P2 work-package plan, as routed by P2 implementation index; current-baseline amendments and implementation/verification records where applicable; repository ADR baseline / Coding Guidelines as cited by the document.",Current translation metadata updated to match the authoritative English source.,Prior full-text review and governing source remain authoritative; no owner approval or runtime evidence inferred.,Prior full-text review retained; current complete text reconciled against the pinned review and all post-snapshot edits reviewed.
085dae0cf49fca69ce269afeecd6078582a6189b,docs/stages/p3/task-book-v0.1.md,content-changed-after-phase2,64eaec5dbb225408797c6f3ccbb5eb9d4986fd58,126,Codex,2026-09-28,1-126,Zelyr Hypervisor — P3 Stage Task Book v0.1; 1. Purpose and authoritative constraints; 2. Entry conditions and scope classification; Required predecessor contracts; Required work; Reserved for later stages; Out of scope; 3. Work-package map; 4. Requirement-to-validation traceability; 5. Validation matrix,docs/development/stage-workflow.md; docs/development/documentation-baseline.md; docs/adr/adr-000-architecture-baseline-v0.1.md; docs/stages/p3/task-book-v0.1.md,Current version metadata added without changing task-book scope or acceptance criteria.,Prior full-text review and governing source remain authoritative; no owner approval or runtime evidence inferred.,Prior full-text review retained; current complete text reconciled against the pinned review and all post-snapshot edits reviewed.
085dae0cf49fca69ce269afeecd6078582a6189b,docs/stages/p4/task-book-v0.1.md,content-changed-after-phase2,5b90a695321c941b21724bd27eee8d034fa509d0,236,Codex,2026-09-28,1-236,Rust Type-1 Hypervisor — P4 Stage Task Book v0.1; 1. Purpose and boundary; Required; Reserved; Out of scope; 2. Source constraints and entry conditions; 3. Delivery hierarchy and package map; 4. Dependency and execution map; 5. Requirement-to-validation traceability; 6. Stage validation matrix,"P2 task book and selected P2 work-package plan, as routed by P2 implementation index; current-baseline amendments and implementation/verification records where applicable; repository ADR baseline / Coding Guidelines as cited by the document.",Current version metadata added without changing task-book scope or acceptance criteria.,Prior full-text review and governing source remain authoritative; no owner approval or runtime evidence inferred.,Prior full-text review retained; current complete text reconciled against the pinned review and all post-snapshot edits reviewed.
085dae0cf49fca69ce269afeecd6078582a6189b,docs/stages/p5/task-book-v0.1.md,content-changed-after-phase2,960ea74ec1649157eb5b6b4351c10fbfb24f1f11,263,Codex,2026-09-28,1-263,"Rust Type-1 Hypervisor — P5 Stage Task Book v0.1; 1. Purpose and stage boundary; Required; Reserved; Out of scope; 2. Authority, ABI, security, and entry conditions; 3. Delivery hierarchy and package map; 4. Dependency and execution map; 5. Requirement-to-validation traceability; 6. Stage validation matrix","P2 task book and selected P2 work-package plan, as routed by P2 implementation index; current-baseline amendments and implementation/verification records where applicable; repository ADR baseline / Coding Guidelines as cited by the document.",Current version metadata added without changing task-book scope or acceptance criteria.,Prior full-text review and governing source remain authoritative; no owner approval or runtime evidence inferred.,Prior full-text review retained; current complete text reconciled against the pinned review and all post-snapshot edits reviewed.
085dae0cf49fca69ce269afeecd6078582a6189b,docs/stages/p6/task-book-v0.2.md,content-changed-after-phase2,1f34ec790f235ecd10ba97c84e986de515e1c668,283,Codex,2026-09-28,1-283,Rust Type-1 Hypervisor — P6 Stage Task Book v0.2; 1. Purpose and boundary; Required; Reserved; Out of scope; 2. Source constraints and entry conditions; 3. Delivery hierarchy and package map; 4. Dependency and execution map; 5. Requirement-to-validation traceability; 6. Stage validation matrix,docs/development/stage-workflow.md; docs/stages/p6/task-book-v0.2.md,Current version metadata added without changing task-book scope or acceptance criteria.,Prior full-text review and governing source remain authoritative; no owner approval or runtime evidence inferred.,Prior full-text review retained; current complete text reconciled against the pinned review and all post-snapshot edits reviewed.
085dae0cf49fca69ce269afeecd6078582a6189b,docs/stages/p7/task-book-v0.1.md,content-changed-after-phase2,e91083d6ae00601498b1f6738058d5e429b1a268,186,Codex,2026-09-28,1-186,P7 — vCPU Scheduler v0 to Preemptive M:N Scheduling; 1. Purpose and constraints; 2. Entry conditions and scope; Required predecessor contracts; Required; Reserved; Out of scope; 3. Work-package map; 4. Dependency and execution map; 5. Requirement-to-validation traceability,docs/development/stage-workflow.md; docs/stages/p7/task-book-v0.1.md,Current version metadata added without changing task-book scope or acceptance criteria.,Prior full-text review and governing source remain authoritative; no owner approval or runtime evidence inferred.,Prior full-text review retained; current complete text reconciled against the pinned review and all post-snapshot edits reviewed.
085dae0cf49fca69ce269afeecd6078582a6189b,docs/stages/p8/implementation/p8-w08-linux-timer-integration/02-code-contracts-timer-regs.md,content-changed-after-phase2,5b1ee2925c81bcc88d0b5bdee2e5e2300f895c6b,230,Codex,2026-09-28,1-230,P8-W08 Code Contracts — Guest Time Source and Timer Registers; 1. Data contracts; 2. Time-source contracts (M1); 2.1 Virtual counter read; 2.2 Frequency read; 3. Register-semantics contracts (M2); 3.1 CTL write; 3.2 CVAL write; 3.3 TVAL write/read; 3.4 Counter and frequency register routing,docs/development/documentation-audit-handoff.md §5; P8 task book/plan; cited P6/P7 contracts; Arm AArch64 Programmer Guide Generic Timer,Post-snapshot document maintenance; no architecture or runtime claim added.,Prior full-text review and governing source remain authoritative; no owner approval or runtime evidence inferred.,Prior full-text review retained; current complete text reconciled against the pinned review and all post-snapshot edits reviewed.
085dae0cf49fca69ce269afeecd6078582a6189b,docs/stages/p8/task-book-v0.1.md,content-changed-after-phase2,5095a0f26aff79a480efce93d2d56afa60c362e9,265,Codex,2026-09-28,1-265,P8 — Virtual ARM Platform and Minimal Linux Boot; 1. Purpose and authority; 2. Entry conditions and stage boundary; Required; Reserved; Out of scope; 3. Work-package map; 4. Dependency and execution map; 5. Requirement-to-validation traceability; 6. Validation matrix,docs/development/stage-workflow.md; docs/stages/p8/task-book-v0.1.md,Current version metadata added without changing task-book scope or acceptance criteria.,Prior full-text review and governing source remain authoritative; no owner approval or runtime evidence inferred.,Prior full-text review retained; current complete text reconciled against the pinned review and all post-snapshot edits reviewed.
085dae0cf49fca69ce269afeecd6078582a6189b,docs/stages/p7/implementation/p7-w06-block-wakeup/README.md,content-changed-after-phase2,8d19a1063de1e48272a70bc0ad58147b964b6540,241,Codex,2026-09-28,1-241,Readme,P7-W06 plan; P3-W06 synchronization plan; owner direction on AUD-001,Owner-selected AUD-001 shared atomic phase/event-word design direction recorded; implementation and runtime evidence remain open.,"No implementation, host validation, QEMU, or runtime evidence is claimed.","Post-closure follow-up reread; design, validation obligations, and proof boundaries reconciled."
085dae0cf49fca69ce269afeecd6078582a6189b,docs/stages/p7/implementation/p7-w06-block-wakeup/01-block-wakeup-architecture.md,content-changed-after-phase2,7f61f740871633cbc8d77200a52e3d4fb3b89362,203,Codex,2026-09-28,1-203,01 Block Wakeup Architecture,P7-W06 plan; P3-W06 synchronization plan; owner direction on AUD-001,Owner-selected AUD-001 shared atomic phase/event-word design direction recorded; implementation and runtime evidence remain open.,"No implementation, host validation, QEMU, or runtime evidence is claimed.","Post-closure follow-up reread; design, validation obligations, and proof boundaries reconciled."
085dae0cf49fca69ce269afeecd6078582a6189b,docs/stages/p7/implementation/p7-w06-block-wakeup/02-code-contracts-block-path.md,content-changed-after-phase2,5a48bb49df77a0e4c2fcd05e978bc3bf5c07d80a,186,Codex,2026-09-28,1-186,02 Code Contracts Block Path,P7-W06 plan; P3-W06 synchronization plan; owner direction on AUD-001,Owner-selected AUD-001 shared atomic phase/event-word design direction recorded; implementation and runtime evidence remain open.,"No implementation, host validation, QEMU, or runtime evidence is claimed.","Post-closure follow-up reread; design, validation obligations, and proof boundaries reconciled."
085dae0cf49fca69ce269afeecd6078582a6189b,docs/stages/p7/implementation/p7-w06-block-wakeup/03-code-contracts-wakeup-path.md,content-changed-after-phase2,d7a1f4387c6bb08c1764185eccfe99c7615fe1fc,209,Codex,2026-09-28,1-209,03 Code Contracts Wakeup Path,P7-W06 plan; P3-W06 synchronization plan; owner direction on AUD-001,Owner-selected AUD-001 shared atomic phase/event-word design direction recorded; implementation and runtime evidence remain open.,"No implementation, host validation, QEMU, or runtime evidence is claimed.","Post-closure follow-up reread; design, validation obligations, and proof boundaries reconciled."
085dae0cf49fca69ce269afeecd6078582a6189b,docs/stages/p7/implementation/p7-w06-block-wakeup/04-implementation-workflow.md,content-changed-after-phase2,125556e35a531f617087c672addfac0e14b4d2f3,158,Codex,2026-09-28,1-158,04 Implementation Workflow,P7-W06 plan; P3-W06 synchronization plan; owner direction on AUD-001,Owner-selected AUD-001 shared atomic phase/event-word design direction recorded; implementation and runtime evidence remain open.,"No implementation, host validation, QEMU, or runtime evidence is claimed.","Post-closure follow-up reread; design, validation obligations, and proof boundaries reconciled."
085dae0cf49fca69ce269afeecd6078582a6189b,docs/stages/p7/implementation/p7-w06-block-wakeup/05-validation-and-handoff.md,content-changed-after-phase2,9776149f7d628ee07e70273f4fbbb450b4234279,80,Codex,2026-09-28,1-80,05 Validation And Handoff,P7-W06 plan; P3-W06 synchronization plan; owner direction on AUD-001,Owner-selected AUD-001 shared atomic phase/event-word design direction recorded; implementation and runtime evidence remain open.,"No implementation, host validation, QEMU, or runtime evidence is claimed.","Post-closure follow-up reread; design, validation obligations, and proof boundaries reconciled."
