id,check_or_finding,evidence_path_and_lines,blob_ids_or_result,assessment
CHECK-QG,CI documentation gate,.github/workflows/ci.yml:136-245;docs/development/quality-gates.md:151-184,c38a1457ff7542f1b36c0de24f9e79878bac57fb;1cbc999a9709af5f27527d0ef6413c5802b185a4,Exact CI Python block rerun; links/reachability/headers passed
CHECK-TRANSLATION,Language editions,scripts/check-doc-translations.py;tests/test_doc_translations.py,42/935 pairs valid;7 unit tests passed,Phased coverage count not translation semantic review
CHECK-ANCHORS,Relative fragment links,custom read-only scan of all current Markdown links,68 current links checked;2 stale fragments corrected; current-tree rescan clean,Current fragment scan after repair
DOC-MECH-01,Stale fragment anchor,docs/stages/p2/implementation/p2-w01-w02-prerequisite-conflict.md:15;docs/stages/p1/implementation/p1-w08-host-stage1-address-space/01-architecture-and-state.md:16;docs/stages/p8/implementation/p8-w08-linux-timer-integration/02-code-contracts-timer-regs.md:39;docs/stages/p8/implementation/p8-w08-linux-timer-integration/02-code-contracts-timer-regs.md:89,a7911e6399eb5975f94ffc28695827eb508a9fa8;f679747ce72a75300ebae4de527c8c87cdeeeb6d,Fixed: both links now target #2-region-inventory-work-seq-1 and #3-register-semantics-contracts-m2; current-tree fragment scan resolves them
CHECK-VERSION,QG normative version headers,35 normative docs selected by the CI block including docs/README.md,35 checked;0 missing;0 invalid vN.N,Header presence verified by CI; vN.N shape checked by the supplemental read-only scan
DOC-META-01,Explicit version metadata added to current stage task books,docs/stages/p0/task-book-v0.1.md:1-10;docs/stages/p1/task-book-v0.2.md:1-10;docs/stages/p2/task-book-v0.1.md:1-10;docs/stages/p3/task-book-v0.1.md:1-10;docs/stages/p4/task-book-v0.1.md:1-10;docs/stages/p5/task-book-v0.1.md:1-10;docs/stages/p6/task-book-v0.2.md:1-10;docs/stages/p7/task-book-v0.1.md:1-10;docs/stages/p8/task-book-v0.1.md:1-10,4ee371a779d15af0277d00e294a7db733c652fa1;88ef67539c743ce72edab41c83d19ea6646c9091;fff16cafdca4d2410c9e278d2c4e3c66e27b9057;8b9cd78cc7ec02e0e559f54851d566914dc463db;3b5d031b3249d977a98cbcc2e7752f758dc89ba4;011e696d8698f8e5348513e0008c7694a6e48182;38df51ec36bdb83a1bbe68e9efe076ce79c2ead8;fd5f03594009649462e05af188b62dc540e0889d;11baef8ed5c5d8020c4bfb41f756b7ad4d66c07e,Fixed: Version v0.x added to all nine current English P0-P8 task books; matching fields added to current Chinese translations with refreshed source blobs
CHECK-VALIDATION-IDS,Stage validation IDs,latest English task books P0-V01..P0-V15 through P8-V01..P8-V26,182 declared;4929 explicit same-stage references;0 undeclared;0 duplicate rows,No semantic validation of acceptance evidence
EXEMPT-01,P8 W02 reference to W01 future implementation record,docs/stages/p8/implementation/p8-w02-machine-contract-governance/01-governance-contract.md:43-45;docs/stages/p8/implementation/p8-w01-entry-contract-reconciliation/01-reconciliation-contract.md:11-14,0f3b904bfc0dce20f9c50edadd47c1cbf8cd26f9;e86e3cd6e7160651d7e14ceaab771dbaac6e808e,Explicit future path; W02 relies on design until record exists; W01 says record is created when work starts
EXEMPT-02-05,P8 W20 references to W16-W19 future verification records,docs/stages/p8/implementation/p8-w20-documentation-closure-handoff/01-closure-artifact-contract.md:87-90; P8 W16/W17/W18/W19 owner designs,65e3345acc141e654117c064efd3af13ac508a1f;135a171a4b32f1d7519c2aab5a0002ed2e199317;11a1590c3a4db8f4516d2b51e1c5a4b4329a7e02;b9cdb710fbb983e7dfa42364b9338e5ff3bb5cf6;670e06378b25651bcf21018ecd47d94cd660167b,Each is named as a future verification/evidence destination by the owning stage and P8 closure contract
CHECK-RELATIVE-LINKS,CI relative link targets,read-only reproduction of .github/workflows/ci.yml:152-179,9031 resolved;5 exempt;0 other broken,Full current tree; anchors are checked separately
