id,boundary,status,evidence_path_and_lines,blob_ids,assessment
B01,P2→P3/P4,partial delivery,docs/stages/p2/implementation/p2-w10-p3-p4-handoff-contract/01-consumer-contract.md:28-70;evidence-map-and-gates.md:35-58,e23e039821e07bc363ce63d66c0fc15fb825a0a2;4c313743f505454ecad0c77aada39f0b254d6285,Roles and non-authorizations are explicit; W04 allocator and W10 handoff evidence remain absent/blocked
B02,P2→P3/P4,blocked,docs/stages/p2/implementation/p2-w04-physical-page-allocation/README.md:80-87 105-126;docs/stages/p3/implementation/p3-w01-cpu-topology-inputs/README.md:116-131,efefd6a9a56b66c38a31bc41c9568a1faf2a5df8;2f49e365b3fee536054fa65d97519c0c00ebc54a,W04-LAYOUT/W04-MAP gates remain; W01 is proposed and unverified
B03,P2→P3/P4,blocked,docs/stages/p4/implementation/p4-w01-entry-contract-reconciliation/README.md:47-55 187-203,a3f10c98ee3805c85011ea792f6c907f913aab23,Required upstream reconciliation has not been executed
B04,P3→P6 carrier,proposed-reserved,docs/stages/p3/implementation/p3-w07-cross-cpu-notification/README.md:18-28 90-99 141-150 242-261,70d7f983535025876cd557de1527383c5591bd24,P3-W07 mailbox is not an interrupt; SGI carriage remains Reserved
B05,P3→P6 carrier,contract-gap,docs/stages/p3/implementation/p3-w07-cross-cpu-notification/02-architecture-and-state.md:62-111;docs/stages/p3/implementation/p3-w08-tlb-shootdown-transport/03-code-contracts-transport-request.md:109-165,c4ed106d11b9ad86f8bd2e3aad0cfa52f344cca5;978577a9ee65b9cf43a1eb66ca03ab4f26b80cf7,Single-slot kinds may coalesce; W08 software completion is distinct from physical interrupt receipt
B06,P3→P6 carrier,unverified,docs/stages/p6/implementation/p6-w04-smp-interrupt-routing-sgi/README.md:10-17 132-150 154-169;03-code-contracts-sgi-send.md:30-88 91-144,064ff69a4d71728c335a477f717a2d9e57b1051e;7792553d8ddeeaab8a16d5d70468be7fb8f2108f,No kind→SGI-ID mapping or verified poll/receive adapter; SGI layer does not own P3 software completion
B07,P4→P7 object lifecycle,scoped,docs/stages/p4/task-book-v0.1.md:51-76;docs/stages/p4/implementation/p4-w02-stage2-address-space/02-architecture-and-state.md:31-55,3b5d031b3249d977a98cbcc2e7752f758dc89ba4;3b7acc77c43f58e6c1d66d10d953bbd02a215cda,P4 space owns page tables/VMID/ledger; destroy requires quiescence and invalidation/release order; not full vCPU lifecycle
B08,P5 object lifecycle,scoped,docs/stages/p5/implementation/p5-w04-handle-lifecycle-type-safety/README.md:70-91 131-149,c1b0aecbdd14e974a95c5e41197c718940eda413,Handle classes are limited; IRQ/vIRQ/memory/shared-region objects remain Reserved
B09,P6 physical IRQ→Guest timer,contract-conflict,docs/stages/p6/implementation/p6-w03-physical-interrupt-lifecycle/README.md:108-113;docs/stages/p6/implementation/p6-w06-guest-generic-timer/04-code-contracts-expiry-and-delivery.md:127-138,b2c28e53b0a909bae72a869bb6e14685055cd798;7ca806ab2e14791393715d20d2454f2a3089d4b3,W03 EOImode=0 combined EOIR deactivates; W06 requires PPI active until completion/release
B10,P7-W07→W08 transport,contract-gap,docs/stages/p7/implementation/p7-w07-pause-stop-fault/01-pause-stop-fault-architecture.md:48-66 124-137;docs/stages/p7/implementation/p7-w08-smp-reschedule-idle/01-smp-scheduler-architecture.md:74-111;docs/stages/p7/implementation/p7-w08-smp-reschedule-idle/02-code-contracts-reschedule.md:14-88,871d61f1bd882f98146a51a782359cdd03ac7ab3;f83f4948ac93b6db17fbf7fe5b9bed424e3b0bb2;e0e0e31d01bc68c690d9e5338430438ca3c09463,Same-layer durable-state coalescing fits; consumer fan-out/kind mapping/retrigger and false→true send rule are not aligned to the P3 single-slot carrier
B11,P7 deadline-fold failure,blocker,docs/stages/p7/implementation/p7-w06-block-wakeup/02-code-contracts-block-path.md:109-145;docs/stages/p7/implementation/p7-w06-block-wakeup/01-block-wakeup-architecture.md:156-159;docs/stages/p7/implementation/p7-w08-smp-reschedule-idle/03-code-contracts-idle.md:38-45;docs/stages/p6/implementation/p6-w06-guest-generic-timer/01-scope-and-foundations.md:95-105,1c908ec138d8f9aafffe1f26d963c21cf1857f50;129a850bca7fb0ff0cc942fbe3ed8c29a1622892;312a5487c4dc0bd8799c85f7dfa8692f9eaee0b4;db707459805511effa9f38eb5bd870c2a9b71a6f,Absent-vCPU timer eventual delivery is only at next Guest entry and does not trigger it; idle refusal has no fallback/backoff and may spin under persistent failure
B12,P8→P9+,governed-not-approved,docs/stages/p8/implementation/p8-w14-machine-abi-compatibility/README.md:42-80 124-148 180-194,e70071cd49a821cdc79349d0c661966254120e50,W02 governs machine facts; values unapproved; P9+ use evidenced facts and own device protocols; P17 policy Reserved
B13,P8→P9-P21,stage-owned,docs/stages/p8/implementation/p8-w14-machine-abi-compatibility/01-compatibility-matrix-and-policy.md:64-75 82-107;docs/stages/p8/task-book-v0.1.md:241-263,ad40dbada89d1bf30e7396e2d50e84a57fd97762;11baef8ed5c5d8020c4bfb41f756b7ad4d66c07e,Guest-visible changes use W02/ADR governance; later DMA/IOMMU/board/x86/real-time and snapshot rules require owning stage contracts
B14,P1 NC6→P6-V29,ownership-consistent-unproven,docs/adr/adr-061-async-exception-delivery.md:6-10;docs/stages/p1/verification/p1-completion-report.md:18-21 86 96 110 131;docs/stages/p1/verification/p1-known-limitations.md:19-20;docs/stages/p6/task-book-v0.1.md:30-33 113 144 235 247 250-262,c90f31be8a2ed01ee70064120c980fca85440b96;d236a1e039b81dd107d7ec288c58a78b29e5fd84;38b3b02532202c5c389aced863db19389c2089cc;38df51ec36bdb83a1bbe68e9efe076ce79c2ead8,Transfer chain says not passed in P1 and owned by P6-V29
B15,P6-V29 validation coverage,incomplete,docs/stages/p6/implementation/p6-w12-fault-isolation-robustness/README.md:3-9;docs/stages/p6/implementation/p6-w12-fault-isolation-robustness/01-robustness-case-matrix.md:1-12 111-129;docs/stages/p6/plans/p6-w13-telemetry-regression-handoff.md:30;docs/stages/p6/implementation/p6-w13-telemetry-regression-handoff/README.md:66-70;docs/stages/p6/implementation/p6-w13-telemetry-regression-handoff/02-workflow-and-handoff.md:40-46;docs/stages/p6/implementation/p6-w13-telemetry-regression-handoff/01-telemetry-and-evidence-map.md:124-131,1d6d7cff2a6af4d606491e3071a05d563f169f1c;edf38a630caddb3a6701ba70c47068a8012f2f43;a71e43724aba47472915c62edaf85254c88b81f4;90dc7a60234693afcadd10332d05d325f09e598c;66965a0efb292e09b63f3bf9aac079bb9d503946,W12 detailed design/matrix and W13 DOC-04 stop at V28; no V29 execution or verification record
AUD-001,lost-wakeup,open,docs/stages/p7/implementation/p7-w06-block-wakeup/01-block-wakeup-architecture.md:90-122;02-code-contracts-block-path.md:B-1;docs/stages/p7/implementation/p7-w02-scheduler-admission-lifecycle/03-code-contracts-lifecycle.md:try_transition,129a850bca7fb0ff0cc942fbe3ed8c29a1622892;1c908ec138d8f9aafffe1f26d963c21cf1857f50;46d5ddd9e607bb64f44b30d5779cc6361feff927,Counterexample remains; no runtime reproduction claimed
AUD-002,timeout-slot-reuse,open,docs/stages/p3/implementation/p3-w08-tlb-shootdown-transport/02-architecture-and-state.md:52-64;04-code-contracts-transport-initiator.md:123-135;03-code-contracts-transport-request.md:142-153,a4921af1e2c41446ec9e03f6e3673410dd8d09a7;8a8eb65cda46ff6e44ead1f6c12085f246c481dc;978577a9ee65b9cf43a1eb66ca03ab4f26b80cf7,Timeout reuse conflicts with receiver ownership; TransportNoop bounds the impact
AUD-003,mapping-guarantee,open,docs/stages/p1/contracts/host-address-space.md:28-40;docs/stages/p3/implementation/p3-w04-per-cpu-runtime/01-scope-and-foundations.md:35-43;docs/stages/p4/implementation/p4-w02-stage2-address-space/03-code-contracts-stage2-core.md:202-214 396-410,7986ceb02dea4b47f3db0906c927ae2ddc56c938;25c985fafa618a3bb4a540d762c628f8e01b27a1;9db368d13599c6435ba5d862e856f4d8d17effca,No general writable Host map promise for ordinary allocated frames; P1 completion scope unchanged
AUD-004,multi-VM-reactivation,open,docs/stages/p4/implementation/p4-w02-stage2-address-space/03-code-contracts-stage2-core.md:209-214 400-406;docs/stages/p7/implementation/p7-w04-preemption-context-switch/02-architecture-and-state.md:52-61;docs/stages/p7/implementation/p7-w05-shared-mn-multivm/01-scope-and-foundations.md:36-41,9db368d13599c6435ba5d862e856f4d8d17effca;7c8b74d2213657866ad18985e8c971b30fe20148;dc45b83745371641bb2906afedb921509acf4bbf,Single-space active shortcut does not define A→B→A hardware reactivation
AUD-005,sgi-accounting-units,open,docs/stages/p6/implementation/p6-w04-smp-interrupt-routing-sgi/03-code-contracts-sgi-send.md:31-38 80-89 121-134,7792553d8ddeeaab8a16d5d70468be7fb8f2108f,Encoding writes and per-CPU receipts differ under target fan-out
AUD-006,normative-source-ownership,open,docs/stages/p8/implementation/p8-w03-linux-boot-contract/01-boot-contract-facts.md:8-18;docs/stages/p8/implementation/p8-w14-machine-abi-compatibility/01-compatibility-matrix-and-policy.md:9-16;docs/stages/p8/implementation/p8-w20-documentation-closure-handoff/01-closure-artifact-contract.md:11-21,3adc32b24540b1d6ed627654d2ce495b78d7242c;ad40dbada89d1bf30e7396e2d50e84a57fd97762;65e3345acc141e654117c064efd3af13ac508a1f,Competing sole-authoritative homes remain
AUD-007,plan-design-navigation,open,docs/README.md:87-94;docs/development/stage-workflow.md:28-36,26f933cad34391085b60e07aa64f3af740039798;73715ff685d4c9ab5b18b405717fb5f47d0a4a29,Root index conflates plan with detailed design; workflow distinguishes L3/L4
