id,claim,source_or_evidence_path,section_or_lines,evidence_blob_or_digest,current_check,proof_boundary
P0-01,Configured development gates,.github/workflows/ci.yml,28-145,c38a1457ff7542f1b36c0de24f9e79878bac57fb,Inspected current job definitions for host tests target build clippy format warnings docs,Workflow presence only; no online branch-protection query
P0-02,Completion status and limits,docs/stages/p0/verification/p0-completion-report.md,12-83 118-145,6c35307c4d0609bf4b23334310b6728b57582ed2,Compared selected host/target/docs claims and explicit exclusions,Historical completion evidence; not all 22 packages independently revalidated
P0-03,Current host-test suite,crates/host-test-baseline/tests and cargo test --workspace --exclude hypervisor,Host test execution,Run exit 0,Full current host test suite passed; does not prove target/runtime behavior
P1-01,Current exception vectors,hypervisor/src/arch/aarch64/exceptions/entry.S,7-30,2f441168978de899cb77313d950679ed3350c31d,Inspected sixteen vector slots and capture landing path,Source inspection only; no asynchronous exception delivered
P1-02,Host classifier tests,crates/host-test-baseline/tests/p1_exceptions.rs;hypervisor/src/arch/aarch64/exceptions/model.rs,1-4 and classifier source,d8c63160268c24e296c4054e1c2fd0ab80e90fff;600e3813e6dd46e6f2717eea20931b893c3ce938,Current host suite passed and test directly includes pure model,Test comment says no EL2 execution; cannot satisfy NC6/P6-V29
P1-03,Completion boundary,docs/stages/p1/verification/p1-completion-report.md,15-21 86 95-97 107-110,d236a1e039b81dd107d7ec288c58a78b29e5fd84,Confirmed report keeps async execution outside P1 proof,No P1 completion expansion
P1-04,Archive custody,docs/stages/p1/verification/p1-local-evidence-archive.md,13-35,a4aad5cca7d70ff94b154779cfe8596c14731b04,Archive SHA matches 160cab674613225bdfa6921e1222c927bdc237d074fbf3e37b2e05e5aa4829bf; archive lists 15035 entries; stored r100 summary is 100/100 PASS,Local single copy; archive inspection not a new QEMU run
P2-01,Current W03 boot adapter,hypervisor/src/boot/mod.rs;hypervisor/src/boot/p2.rs,hypervisor/src/boot/mod.rs:179; p2.rs:25-120,293dff2afb602b210c50edfd1bc0c3c864863f03;bf506e0a3331aabb50bdd3f19e292852906aea26,Current path reaches p2::run and calls draft_in then seal while retaining inputs/map,Code inspection only; no new QEMU run; allocator absent
P2-02,Current W03 map implementation and host test,hypervisor/src/platform/bootmap/build.rs;seal.rs;mod.rs;crates/host-test-baseline/tests/p2_platform/bootmap.rs,build/seal implementation; bootmap tests:1-600,43b0fb65be79fc223942f98ae9a82a0183bfb184;fc30d0d7e65dae6e671b54ebad56e226a72074de;408851933fb310f7a60b355b147ae7e7d0b49491;1b6f7e9775cd7f6ab6bad24133ace935cca29a64,Current host suite included P2 tests and passed,Host evidence does not establish target/runtime allocator readiness
P2-03,Bounded runtime verification,docs/stages/p2/verification/p2-w03-runtime-verification.md,1-30 47-100,062ff3ecda03422a957d296d578cff6c92303466,Reviewed declared cases scope artifact identity and limitations,Historical bounded QEMU result; no rerun
P2-04,Raw evidence custody,docs/stages/p2/verification/p2-w03-runtime-evidence/manifest.json,all 111 entries,062ff3ecda03422a957d296d578cff6c92303466,Recomputed byte counts and SHA-256 for all 111 entries; 111 verified 0 missing 0 mismatched,Local target artifacts only; not off-host archive
