baseline,package,plan,design_entry,upstream_review,downstream_review,acceptance_mapping,evidence_review,related_findings
b317b88ad6f78f82143ec6af2cf2b41a143ae741,P0-W01,docs/stages/p0/plans/p0-w01-repository-baseline.md,docs/stages/p0/implementation/p0-w01-repository-baseline/README.md,pending,pending,pending,pending,
b317b88ad6f78f82143ec6af2cf2b41a143ae741,P0-W02,docs/stages/p0/plans/p0-w02-rust-toolchain-baseline.md,docs/stages/p0/implementation/p0-w02-rust-toolchain-baseline/README.md,pending,pending,pending,pending,
b317b88ad6f78f82143ec6af2cf2b41a143ae741,P0-W03,docs/stages/p0/plans/p0-w03-aarch64-build-target-baseline.md,docs/stages/p0/implementation/p0-w03-aarch64-build-target-baseline/README.md,pending,pending,pending,pending,
b317b88ad6f78f82143ec6af2cf2b41a143ae741,P0-W04,docs/stages/p0/plans/p0-w04-build-profile-feature-governance.md,docs/stages/p0/implementation/p0-w04-build-profile-feature-governance/README.md,pending,pending,pending,pending,
b317b88ad6f78f82143ec6af2cf2b41a143ae741,P0-W05,docs/stages/p0/plans/p0-w05-documentation-baseline.md,docs/stages/p0/implementation/p0-w05-documentation-baseline/README.md,pending,pending,pending,pending,
b317b88ad6f78f82143ec6af2cf2b41a143ae741,P0-W06,docs/stages/p0/plans/p0-w06-adr-governance.md,docs/stages/p0/implementation/p0-w06-adr-governance/README.md,pending,pending,pending,pending,
b317b88ad6f78f82143ec6af2cf2b41a143ae741,P0-W07,docs/stages/p0/plans/p0-w07-development-quality-gates.md,docs/stages/p0/implementation/p0-w07-development-quality-gates/README.md,pending,pending,pending,pending,
b317b88ad6f78f82143ec6af2cf2b41a143ae741,P0-W08,docs/stages/p0/plans/p0-w08-host-side-testing-baseline.md,docs/stages/p0/implementation/p0-w08-host-side-testing-baseline/README.md,pending,pending,pending,pending,
b317b88ad6f78f82143ec6af2cf2b41a143ae741,P0-W09,docs/stages/p0/plans/p0-w09-qemu-automation-entry-baseline.md,docs/stages/p0/implementation/p0-w09-qemu-automation-entry-baseline/README.md,pending,pending,pending,pending,
b317b88ad6f78f82143ec6af2cf2b41a143ae741,P0-W10,docs/stages/p0/plans/p0-w10-unsafe-rust-governance.md,docs/stages/p0/implementation/p0-w10-unsafe-rust-governance/README.md,pending,pending,pending,pending,
b317b88ad6f78f82143ec6af2cf2b41a143ae741,P0-W11,docs/stages/p0/plans/p0-w11-platform-portability-guardrails.md,docs/stages/p0/implementation/p0-w11-platform-portability-guardrails/README.md,pending,pending,pending,pending,
b317b88ad6f78f82143ec6af2cf2b41a143ae741,P0-W12,docs/stages/p0/plans/p0-w12-logging-diagnostic-baseline.md,docs/stages/p0/implementation/p0-w12-logging-diagnostic-baseline/README.md,pending,pending,pending,pending,
b317b88ad6f78f82143ec6af2cf2b41a143ae741,P0-W13,docs/stages/p0/plans/p0-w13-trace-event-namespace-baseline.md,docs/stages/p0/implementation/p0-w13-trace-event-namespace-baseline/README.md,pending,pending,pending,pending,
b317b88ad6f78f82143ec6af2cf2b41a143ae741,P0-W14,docs/stages/p0/plans/p0-w14-panic-failure-classification.md,docs/stages/p0/implementation/p0-w14-panic-failure-classification/README.md,pending,pending,pending,pending,
b317b88ad6f78f82143ec6af2cf2b41a143ae741,P0-W15,docs/stages/p0/plans/p0-w15-address-identifier-type-safety.md,docs/stages/p0/implementation/p0-w15-address-identifier-type-safety/README.md,pending,pending,pending,pending,
b317b88ad6f78f82143ec6af2cf2b41a143ae741,P0-W16,docs/stages/p0/plans/p0-w16-version-build-metadata-baseline.md,docs/stages/p0/implementation/p0-w16-version-build-metadata-baseline/README.md,pending,pending,pending,pending,
b317b88ad6f78f82143ec6af2cf2b41a143ae741,P0-W17,docs/stages/p0/plans/p0-w17-artifact-naming-baseline.md,docs/stages/p0/implementation/p0-w17-artifact-naming-baseline/README.md,pending,pending,pending,pending,
b317b88ad6f78f82143ec6af2cf2b41a143ae741,P0-W18,docs/stages/p0/plans/p0-w18-dependency-governance.md,docs/stages/p0/implementation/p0-w18-dependency-governance/README.md,pending,pending,pending,pending,
b317b88ad6f78f82143ec6af2cf2b41a143ae741,P0-W19,docs/stages/p0/plans/p0-w19-reproducible-development-workflow.md,docs/stages/p0/implementation/p0-w19-reproducible-development-workflow/README.md,pending,pending,pending,pending,
b317b88ad6f78f82143ec6af2cf2b41a143ae741,P0-W20,docs/stages/p0/plans/p0-w20-ci-baseline.md,docs/stages/p0/implementation/p0-w20-ci-baseline/README.md,pending,pending,pending,pending,
b317b88ad6f78f82143ec6af2cf2b41a143ae741,P0-W21,docs/stages/p0/plans/p0-w21-stage-plan-implementation-workflow.md,docs/stages/p0/implementation/p0-w21-stage-plan-implementation-workflow/README.md,pending,pending,pending,pending,
b317b88ad6f78f82143ec6af2cf2b41a143ae741,P0-W22,docs/stages/p0/plans/p0-w22-stage-dependency-map.md,docs/stages/p0/implementation/p0-w22-stage-dependency-map/README.md,pending,pending,pending,pending,
b317b88ad6f78f82143ec6af2cf2b41a143ae741,P1-W01,docs/stages/p1/plans/p1-w01-reference-boot-contract.md,docs/stages/p1/implementation/p1-w01-reference-boot-contract/README.md,pending,pending,pending,pending,
b317b88ad6f78f82143ec6af2cf2b41a143ae741,P1-W02,docs/stages/p1/plans/p1-w02-minimal-rust-el2-runtime.md,docs/stages/p1/implementation/p1-w02-minimal-rust-el2-runtime/README.md,pending,pending,pending,pending,
b317b88ad6f78f82143ec6af2cf2b41a143ae741,P1-W03,docs/stages/p1/plans/p1-w03-aarch64-capability-inventory.md,docs/stages/p1/implementation/p1-w03-aarch64-capability-inventory/README.md,pending,pending,pending,pending,
b317b88ad6f78f82143ec6af2cf2b41a143ae741,P1-W04,docs/stages/p1/plans/p1-w04-el2-architectural-state-baseline.md,docs/stages/p1/implementation/p1-w04-el2-architectural-state-baseline/README.md,pending,pending,pending,pending,
b317b88ad6f78f82143ec6af2cf2b41a143ae741,P1-W05,docs/stages/p1/plans/p1-w05-el2-exception-entry-baseline.md,docs/stages/p1/implementation/p1-w05-el2-exception-entry-baseline/README.md,pending,pending,pending,pending,
b317b88ad6f78f82143ec6af2cf2b41a143ae741,P1-W06,docs/stages/p1/plans/p1-w06-early-console-logging.md,docs/stages/p1/implementation/p1-w06-early-console-logging/README.md,pending,pending,pending,pending,
b317b88ad6f78f82143ec6af2cf2b41a143ae741,P1-W07,docs/stages/p1/plans/p1-w07-fatal-crash-diagnostics.md,docs/stages/p1/implementation/p1-w07-fatal-crash-diagnostics/README.md,pending,pending,pending,pending,
b317b88ad6f78f82143ec6af2cf2b41a143ae741,P1-W08,docs/stages/p1/plans/p1-w08-host-stage1-address-space.md,docs/stages/p1/implementation/p1-w08-host-stage1-address-space/README.md,pending,pending,pending,pending,
b317b88ad6f78f82143ec6af2cf2b41a143ae741,P1-W09,docs/stages/p1/plans/p1-w09-initialization-sequencing.md,docs/stages/p1/implementation/p1-w09-initialization-sequencing/README.md,pending,pending,pending,pending,
b317b88ad6f78f82143ec6af2cf2b41a143ae741,P1-W10,docs/stages/p1/plans/p1-w10-qemu-boot-regression.md,docs/stages/p1/implementation/p1-w10-qemu-boot-regression/README.md,pending,pending,pending,pending,
b317b88ad6f78f82143ec6af2cf2b41a143ae741,P1-W11,docs/stages/p1/plans/p1-w11-negative-fault-validation.md,docs/stages/p1/implementation/p1-w11-negative-fault-validation/README.md,pending,pending,pending,pending,
b317b88ad6f78f82143ec6af2cf2b41a143ae741,P1-W12,docs/stages/p1/plans/p1-w12-p1-documentation-handoff.md,docs/stages/p1/implementation/p1-w12-p1-documentation-handoff/README.md,pending,pending,pending,pending,
b317b88ad6f78f82143ec6af2cf2b41a143ae741,P2-W01,docs/stages/p2/plans/p2-w01-boot-platform-description-intake.md,docs/stages/p2/implementation/p2-w01-boot-platform-description-intake/README.md,pending,pending,pending,pending,
b317b88ad6f78f82143ec6af2cf2b41a143ae741,P2-W02,docs/stages/p2/plans/p2-w02-platform-discovery-normalization.md,docs/stages/p2/implementation/p2-w02-platform-discovery-normalization/README.md,pending,pending,pending,pending,
b317b88ad6f78f82143ec6af2cf2b41a143ae741,P2-W03,docs/stages/p2/plans/p2-w03-boot-memory-map-ownership.md,docs/stages/p2/implementation/p2-w03-boot-memory-map-ownership/README.md,pending,pending,pending,pending,
b317b88ad6f78f82143ec6af2cf2b41a143ae741,P2-W04,docs/stages/p2/plans/p2-w04-physical-page-allocation.md,docs/stages/p2/implementation/p2-w04-physical-page-allocation/README.md,pending,pending,pending,pending,
b317b88ad6f78f82143ec6af2cf2b41a143ae741,P2-W05,docs/stages/p2/plans/p2-w05-dynamic-small-allocation.md,docs/stages/p2/implementation/p2-w05-dynamic-small-allocation/README.md,pending,pending,pending,pending,
b317b88ad6f78f82143ec6af2cf2b41a143ae741,P2-W06,docs/stages/p2/plans/p2-w06-platform-memory-inspection.md,docs/stages/p2/implementation/p2-w06-platform-memory-inspection/README.md,pending,pending,pending,pending,
b317b88ad6f78f82143ec6af2cf2b41a143ae741,P2-W07,docs/stages/p2/plans/p2-w07-offline-dtb-compatibility.md,docs/stages/p2/implementation/p2-w07-offline-dtb-compatibility/README.md,pending,pending,pending,pending,
b317b88ad6f78f82143ec6af2cf2b41a143ae741,P2-W08,docs/stages/p2/plans/p2-w08-host-robustness-regression.md,docs/stages/p2/implementation/p2-w08-host-robustness-regression/README.md,pending,pending,pending,pending,
b317b88ad6f78f82143ec6af2cf2b41a143ae741,P2-W09,docs/stages/p2/plans/p2-w09-qemu-integration-regression.md,docs/stages/p2/implementation/p2-w09-qemu-integration-regression/README.md,pending,pending,pending,pending,
b317b88ad6f78f82143ec6af2cf2b41a143ae741,P2-W10,docs/stages/p2/plans/p2-w10-p3-p4-handoff-contract.md,docs/stages/p2/implementation/p2-w10-p3-p4-handoff-contract/README.md,pending,pending,pending,pending,
b317b88ad6f78f82143ec6af2cf2b41a143ae741,P3-W01,docs/stages/p3/plans/p3-w01-cpu-topology-inputs.md,docs/stages/p3/implementation/p3-w01-cpu-topology-inputs/README.md,pending,pending,pending,pending,
b317b88ad6f78f82143ec6af2cf2b41a143ae741,P3-W02,docs/stages/p3/plans/p3-w02-secondary-cpu-bring-up.md,docs/stages/p3/implementation/p3-w02-secondary-cpu-bring-up/README.md,pending,pending,pending,pending,
b317b88ad6f78f82143ec6af2cf2b41a143ae741,P3-W03,docs/stages/p3/plans/p3-w03-physical-cpu-lifecycle.md,docs/stages/p3/implementation/p3-w03-physical-cpu-lifecycle/README.md,pending,pending,pending,pending,
b317b88ad6f78f82143ec6af2cf2b41a143ae741,P3-W04,docs/stages/p3/plans/p3-w04-per-cpu-runtime.md,docs/stages/p3/implementation/p3-w04-per-cpu-runtime/README.md,pending,pending,pending,pending,AUD-003
b317b88ad6f78f82143ec6af2cf2b41a143ae741,P3-W05,docs/stages/p3/plans/p3-w05-smp-boot-synchronization.md,docs/stages/p3/implementation/p3-w05-smp-boot-synchronization/README.md,pending,pending,pending,pending,
b317b88ad6f78f82143ec6af2cf2b41a143ae741,P3-W06,docs/stages/p3/plans/p3-w06-concurrency-synchronization.md,docs/stages/p3/implementation/p3-w06-concurrency-synchronization/README.md,pending,pending,pending,pending,
b317b88ad6f78f82143ec6af2cf2b41a143ae741,P3-W07,docs/stages/p3/plans/p3-w07-cross-cpu-notification.md,docs/stages/p3/implementation/p3-w07-cross-cpu-notification/README.md,pending,pending,pending,pending,
b317b88ad6f78f82143ec6af2cf2b41a143ae741,P3-W08,docs/stages/p3/plans/p3-w08-tlb-shootdown-transport.md,docs/stages/p3/implementation/p3-w08-tlb-shootdown-transport/README.md,pending,pending,pending,pending,AUD-002
b317b88ad6f78f82143ec6af2cf2b41a143ae741,P3-W09,docs/stages/p3/plans/p3-w09-cpu-local-exception-interrupt.md,docs/stages/p3/implementation/p3-w09-cpu-local-exception-interrupt/README.md,pending,pending,pending,pending,
b317b88ad6f78f82143ec6af2cf2b41a143ae741,P3-W10,docs/stages/p3/plans/p3-w10-smp-safety-audit.md,docs/stages/p3/implementation/p3-w10-smp-safety-audit/README.md,pending,pending,pending,pending,
b317b88ad6f78f82143ec6af2cf2b41a143ae741,P3-W11,docs/stages/p3/plans/p3-w11-smp-observability.md,docs/stages/p3/implementation/p3-w11-smp-observability/README.md,pending,pending,pending,pending,
b317b88ad6f78f82143ec6af2cf2b41a143ae741,P3-W12,docs/stages/p3/plans/p3-w12-smp-stress-failure-tests.md,docs/stages/p3/implementation/p3-w12-smp-stress-failure-tests/README.md,pending,pending,pending,pending,
b317b88ad6f78f82143ec6af2cf2b41a143ae741,P3-W13,docs/stages/p3/plans/p3-w13-qemu-smp-regression.md,docs/stages/p3/implementation/p3-w13-qemu-smp-regression/README.md,pending,pending,pending,pending,
b317b88ad6f78f82143ec6af2cf2b41a143ae741,P3-W14,docs/stages/p3/plans/p3-w14-p4-smp-handoff.md,docs/stages/p3/implementation/p3-w14-p4-smp-handoff/README.md,pending,pending,pending,pending,
b317b88ad6f78f82143ec6af2cf2b41a143ae741,P3-W15,docs/stages/p3/plans/p3-w15-stage-documentation-acceptance.md,docs/stages/p3/implementation/p3-w15-stage-documentation-acceptance/README.md,pending,pending,pending,pending,
b317b88ad6f78f82143ec6af2cf2b41a143ae741,P4-W01,docs/stages/p4/plans/p4-w01-entry-contract-reconciliation.md,docs/stages/p4/implementation/p4-w01-entry-contract-reconciliation/README.md,pending,pending,pending,pending,
b317b88ad6f78f82143ec6af2cf2b41a143ae741,P4-W02,docs/stages/p4/plans/p4-w02-stage2-address-space.md,docs/stages/p4/implementation/p4-w02-stage2-address-space/README.md,pending,pending,pending,pending,AUD-003;AUD-004
b317b88ad6f78f82143ec6af2cf2b41a143ae741,P4-W03,docs/stages/p4/plans/p4-w03-guest-memory-image.md,docs/stages/p4/implementation/p4-w03-guest-memory-image/README.md,pending,pending,pending,pending,
b317b88ad6f78f82143ec6af2cf2b41a143ae741,P4-W04,docs/stages/p4/plans/p4-w04-vcpu-entry-exit.md,docs/stages/p4/implementation/p4-w04-vcpu-entry-exit/README.md,pending,pending,pending,pending,
b317b88ad6f78f82143ec6af2cf2b41a143ae741,P4-W05,docs/stages/p4/plans/p4-w05-validation-guest.md,docs/stages/p4/implementation/p4-w05-validation-guest/README.md,pending,pending,pending,pending,
b317b88ad6f78f82143ec6af2cf2b41a143ae741,P4-W06,docs/stages/p4/plans/p4-w06-fault-isolation-diagnostics.md,docs/stages/p4/implementation/p4-w06-fault-isolation-diagnostics/README.md,pending,pending,pending,pending,
b317b88ad6f78f82143ec6af2cf2b41a143ae741,P4-W07,docs/stages/p4/plans/p4-w07-repeatability-telemetry.md,docs/stages/p4/implementation/p4-w07-repeatability-telemetry/README.md,pending,pending,pending,pending,
b317b88ad6f78f82143ec6af2cf2b41a143ae741,P4-W08,docs/stages/p4/plans/p4-w08-qemu-integration-regression.md,docs/stages/p4/implementation/p4-w08-qemu-integration-regression/README.md,pending,pending,pending,pending,
b317b88ad6f78f82143ec6af2cf2b41a143ae741,P4-W09,docs/stages/p4/plans/p4-w09-closeout-p5-handoff.md,docs/stages/p4/implementation/p4-w09-closeout-p5-handoff/README.md,pending,pending,pending,pending,
b317b88ad6f78f82143ec6af2cf2b41a143ae741,P5-W01,docs/stages/p5/plans/p5-w01-entry-contract-reconciliation.md,docs/stages/p5/implementation/p5-w01-entry-contract-reconciliation/README.md,pending,pending,pending,pending,
b317b88ad6f78f82143ec6af2cf2b41a143ae741,P5-W02,docs/stages/p5/plans/p5-w02-hypercall-abi-error-boundary.md,docs/stages/p5/implementation/p5-w02-hypercall-abi-error-boundary/README.md,pending,pending,pending,pending,
b317b88ad6f78f82143ec6af2cf2b41a143ae741,P5-W03,docs/stages/p5/plans/p5-w03-guest-data-safety.md,docs/stages/p5/implementation/p5-w03-guest-data-safety/README.md,pending,pending,pending,pending,
b317b88ad6f78f82143ec6af2cf2b41a143ae741,P5-W04,docs/stages/p5/plans/p5-w04-handle-lifecycle-type-safety.md,docs/stages/p5/implementation/p5-w04-handle-lifecycle-type-safety/README.md,pending,pending,pending,pending,
b317b88ad6f78f82143ec6af2cf2b41a143ae741,P5-W05,docs/stages/p5/plans/p5-w05-capability-rights-bootstrap-revocation.md,docs/stages/p5/implementation/p5-w05-capability-rights-bootstrap-revocation/README.md,pending,pending,pending,pending,
b317b88ad6f78f82143ec6af2cf2b41a143ae741,P5-W06,docs/stages/p5/plans/p5-w06-dispatch-permission-containment.md,docs/stages/p5/implementation/p5-w06-dispatch-permission-containment/README.md,pending,pending,pending,pending,
b317b88ad6f78f82143ec6af2cf2b41a143ae741,P5-W07,docs/stages/p5/plans/p5-w07-validation-guest-isolation-suite.md,docs/stages/p5/implementation/p5-w07-validation-guest-isolation-suite/README.md,pending,pending,pending,pending,
b317b88ad6f78f82143ec6af2cf2b41a143ae741,P5-W08,docs/stages/p5/plans/p5-w08-host-fuzz-stress-smp-baseline.md,docs/stages/p5/implementation/p5-w08-host-fuzz-stress-smp-baseline/README.md,pending,pending,pending,pending,
b317b88ad6f78f82143ec6af2cf2b41a143ae741,P5-W09,docs/stages/p5/plans/p5-w09-telemetry-safe-logging-regression.md,docs/stages/p5/implementation/p5-w09-telemetry-safe-logging-regression/README.md,pending,pending,pending,pending,
b317b88ad6f78f82143ec6af2cf2b41a143ae741,P5-W10,docs/stages/p5/plans/p5-w10-closeout-p6-handoff.md,docs/stages/p5/implementation/p5-w10-closeout-p6-handoff/README.md,pending,pending,pending,pending,
b317b88ad6f78f82143ec6af2cf2b41a143ae741,P6-W01,docs/stages/p6/plans/p6-w01-gic-capability-discovery.md,docs/stages/p6/implementation/p6-w01-gic-capability-discovery/README.md,pending,pending,pending,pending,
b317b88ad6f78f82143ec6af2cf2b41a143ae741,P6-W02,docs/stages/p6/plans/p6-w02-physical-gic-bring-up.md,docs/stages/p6/implementation/p6-w02-physical-gic-bring-up/README.md,pending,pending,pending,pending,
b317b88ad6f78f82143ec6af2cf2b41a143ae741,P6-W03,docs/stages/p6/plans/p6-w03-physical-interrupt-lifecycle.md,docs/stages/p6/implementation/p6-w03-physical-interrupt-lifecycle/README.md,pending,pending,pending,pending,
b317b88ad6f78f82143ec6af2cf2b41a143ae741,P6-W04,docs/stages/p6/plans/p6-w04-smp-interrupt-routing-sgi.md,docs/stages/p6/implementation/p6-w04-smp-interrupt-routing-sgi/README.md,pending,pending,pending,pending,AUD-005
b317b88ad6f78f82143ec6af2cf2b41a143ae741,P6-W05,docs/stages/p6/plans/p6-w05-el2-generic-timer.md,docs/stages/p6/implementation/p6-w05-el2-generic-timer/README.md,pending,pending,pending,pending,
b317b88ad6f78f82143ec6af2cf2b41a143ae741,P6-W06,docs/stages/p6/plans/p6-w06-guest-generic-timer.md,docs/stages/p6/implementation/p6-w06-guest-generic-timer/README.md,pending,pending,pending,pending,
b317b88ad6f78f82143ec6af2cf2b41a143ae741,P6-W07,docs/stages/p6/plans/p6-w07-virtual-interrupt-core.md,docs/stages/p6/implementation/p6-w07-virtual-interrupt-core/README.md,pending,pending,pending,pending,
b317b88ad6f78f82143ec6af2cf2b41a143ae741,P6-W08,docs/stages/p6/plans/p6-w08-gic-virtualization-interface.md,docs/stages/p6/implementation/p6-w08-gic-virtualization-interface/README.md,pending,pending,pending,pending,
b317b88ad6f78f82143ec6af2cf2b41a143ae741,P6-W09,docs/stages/p6/plans/p6-w09-maintenance-interrupt.md,docs/stages/p6/implementation/p6-w09-maintenance-interrupt/README.md,pending,pending,pending,pending,
b317b88ad6f78f82143ec6af2cf2b41a143ae741,P6-W10,docs/stages/p6/plans/p6-w10-interrupt-semantics.md,docs/stages/p6/implementation/p6-w10-interrupt-semantics/README.md,pending,pending,pending,pending,
b317b88ad6f78f82143ec6af2cf2b41a143ae741,P6-W11,docs/stages/p6/plans/p6-w11-validation-guest-interrupt-suite.md,docs/stages/p6/implementation/p6-w11-validation-guest-interrupt-suite/README.md,pending,pending,pending,pending,
b317b88ad6f78f82143ec6af2cf2b41a143ae741,P6-W12,docs/stages/p6/plans/p6-w12-fault-isolation-robustness.md,docs/stages/p6/implementation/p6-w12-fault-isolation-robustness/README.md,pending,pending,pending,pending,
b317b88ad6f78f82143ec6af2cf2b41a143ae741,P6-W13,docs/stages/p6/plans/p6-w13-telemetry-regression-handoff.md,docs/stages/p6/implementation/p6-w13-telemetry-regression-handoff/README.md,pending,pending,pending,pending,
b317b88ad6f78f82143ec6af2cf2b41a143ae741,P7-W01,docs/stages/p7/plans/p7-w01-entry-contract-reconciliation.md,docs/stages/p7/implementation/p7-w01-entry-contract-reconciliation/README.md,pending,pending,pending,pending,AUD-004
b317b88ad6f78f82143ec6af2cf2b41a143ae741,P7-W02,docs/stages/p7/plans/p7-w02-scheduler-admission-lifecycle.md,docs/stages/p7/implementation/p7-w02-scheduler-admission-lifecycle/README.md,pending,pending,pending,pending,
b317b88ad6f78f82143ec6af2cf2b41a143ae741,P7-W03,docs/stages/p7/plans/p7-w03-placement-configuration.md,docs/stages/p7/implementation/p7-w03-placement-configuration/README.md,pending,pending,pending,pending,
b317b88ad6f78f82143ec6af2cf2b41a143ae741,P7-W04,docs/stages/p7/plans/p7-w04-preemption-context-switch.md,docs/stages/p7/implementation/p7-w04-preemption-context-switch/README.md,pending,pending,pending,pending,AUD-004
b317b88ad6f78f82143ec6af2cf2b41a143ae741,P7-W05,docs/stages/p7/plans/p7-w05-shared-mn-multivm.md,docs/stages/p7/implementation/p7-w05-shared-mn-multivm/README.md,pending,pending,pending,pending,AUD-004
b317b88ad6f78f82143ec6af2cf2b41a143ae741,P7-W06,docs/stages/p7/plans/p7-w06-block-wakeup.md,docs/stages/p7/implementation/p7-w06-block-wakeup/README.md,pending,pending,pending,pending,AUD-001
b317b88ad6f78f82143ec6af2cf2b41a143ae741,P7-W07,docs/stages/p7/plans/p7-w07-pause-stop-fault.md,docs/stages/p7/implementation/p7-w07-pause-stop-fault/README.md,pending,pending,pending,pending,
b317b88ad6f78f82143ec6af2cf2b41a143ae741,P7-W08,docs/stages/p7/plans/p7-w08-smp-reschedule-idle.md,docs/stages/p7/implementation/p7-w08-smp-reschedule-idle/README.md,pending,pending,pending,pending,
b317b88ad6f78f82143ec6af2cf2b41a143ae741,P7-W09,docs/stages/p7/plans/p7-w09-accounting-diagnostics.md,docs/stages/p7/implementation/p7-w09-accounting-diagnostics/README.md,pending,pending,pending,pending,
b317b88ad6f78f82143ec6af2cf2b41a143ae741,P7-W10,docs/stages/p7/plans/p7-w10-validation-guest-suite.md,docs/stages/p7/implementation/p7-w10-validation-guest-suite/README.md,pending,pending,pending,pending,
b317b88ad6f78f82143ec6af2cf2b41a143ae741,P7-W11,docs/stages/p7/plans/p7-w11-stress-invariants.md,docs/stages/p7/implementation/p7-w11-stress-invariants/README.md,pending,pending,pending,pending,
b317b88ad6f78f82143ec6af2cf2b41a143ae741,P7-W12,docs/stages/p7/plans/p7-w12-qemu-regression.md,docs/stages/p7/implementation/p7-w12-qemu-regression/README.md,pending,pending,pending,pending,
b317b88ad6f78f82143ec6af2cf2b41a143ae741,P7-W13,docs/stages/p7/plans/p7-w13-performance-baseline.md,docs/stages/p7/implementation/p7-w13-performance-baseline/README.md,pending,pending,pending,pending,
b317b88ad6f78f82143ec6af2cf2b41a143ae741,P7-W14,docs/stages/p7/plans/p7-w14-documentation-p8-handoff.md,docs/stages/p7/implementation/p7-w14-documentation-p8-handoff/README.md,pending,pending,pending,pending,
b317b88ad6f78f82143ec6af2cf2b41a143ae741,P8-W01,docs/stages/p8/plans/p8-w01-entry-contract-reconciliation.md,docs/stages/p8/implementation/p8-w01-entry-contract-reconciliation/README.md,pending,pending,pending,pending,
b317b88ad6f78f82143ec6af2cf2b41a143ae741,P8-W02,docs/stages/p8/plans/p8-w02-machine-contract-governance.md,docs/stages/p8/implementation/p8-w02-machine-contract-governance/README.md,pending,pending,pending,pending,AUD-006
b317b88ad6f78f82143ec6af2cf2b41a143ae741,P8-W03,docs/stages/p8/plans/p8-w03-linux-boot-contract.md,docs/stages/p8/implementation/p8-w03-linux-boot-contract/README.md,pending,pending,pending,pending,AUD-006
b317b88ad6f78f82143ec6af2cf2b41a143ae741,P8-W04,docs/stages/p8/plans/p8-w04-guest-dtb-contract.md,docs/stages/p8/implementation/p8-w04-guest-dtb-contract/README.md,pending,pending,pending,pending,
b317b88ad6f78f82143ec6af2cf2b41a143ae741,P8-W05,docs/stages/p8/plans/p8-w05-linux-cpu-virtualization.md,docs/stages/p8/implementation/p8-w05-linux-cpu-virtualization/README.md,pending,pending,pending,pending,
b317b88ad6f78f82143ec6af2cf2b41a143ae741,P8-W06,docs/stages/p8/plans/p8-w06-psci-virtualization.md,docs/stages/p8/implementation/p8-w06-psci-virtualization/README.md,pending,pending,pending,pending,
b317b88ad6f78f82143ec6af2cf2b41a143ae741,P8-W07,docs/stages/p8/plans/p8-w07-linux-vgicv3.md,docs/stages/p8/implementation/p8-w07-linux-vgicv3/README.md,pending,pending,pending,pending,
b317b88ad6f78f82143ec6af2cf2b41a143ae741,P8-W08,docs/stages/p8/plans/p8-w08-linux-timer-integration.md,docs/stages/p8/implementation/p8-w08-linux-timer-integration/README.md,pending,pending,pending,pending,
b317b88ad6f78f82143ec6af2cf2b41a143ae741,P8-W09,docs/stages/p8/plans/p8-w09-virtual-console-single-cpu-linux.md,docs/stages/p8/implementation/p8-w09-virtual-console-single-cpu-linux/README.md,pending,pending,pending,pending,
b317b88ad6f78f82143ec6af2cf2b41a143ae741,P8-W10,docs/stages/p8/plans/p8-w10-linux-smp-bringup.md,docs/stages/p8/implementation/p8-w10-linux-smp-bringup/README.md,pending,pending,pending,pending,
b317b88ad6f78f82143ec6af2cf2b41a143ae741,P8-W11,docs/stages/p8/plans/p8-w11-scheduler-linux-integration.md,docs/stages/p8/implementation/p8-w11-scheduler-linux-integration/README.md,pending,pending,pending,pending,
b317b88ad6f78f82143ec6af2cf2b41a143ae741,P8-W12,docs/stages/p8/plans/p8-w12-linux-memory-model.md,docs/stages/p8/implementation/p8-w12-linux-memory-model/README.md,pending,pending,pending,pending,
b317b88ad6f78f82143ec6af2cf2b41a143ae741,P8-W13,docs/stages/p8/plans/p8-w13-guest-fault-diagnostics.md,docs/stages/p8/implementation/p8-w13-guest-fault-diagnostics/README.md,pending,pending,pending,pending,
b317b88ad6f78f82143ec6af2cf2b41a143ae741,P8-W14,docs/stages/p8/plans/p8-w14-machine-abi-compatibility.md,docs/stages/p8/implementation/p8-w14-machine-abi-compatibility/README.md,pending,pending,pending,pending,AUD-006
b317b88ad6f78f82143ec6af2cf2b41a143ae741,P8-W15,docs/stages/p8/plans/p8-w15-reproducible-linux-fixture.md,docs/stages/p8/implementation/p8-w15-reproducible-linux-fixture/README.md,pending,pending,pending,pending,
b317b88ad6f78f82143ec6af2cf2b41a143ae741,P8-W16,docs/stages/p8/plans/p8-w16-automated-linux-regression.md,docs/stages/p8/implementation/p8-w16-automated-linux-regression/README.md,pending,pending,pending,pending,
b317b88ad6f78f82143ec6af2cf2b41a143ae741,P8-W17,docs/stages/p8/plans/p8-w17-linux-performance-baseline.md,docs/stages/p8/implementation/p8-w17-linux-performance-baseline/README.md,pending,pending,pending,pending,
b317b88ad6f78f82143ec6af2cf2b41a143ae741,P8-W18,docs/stages/p8/plans/p8-w18-security-isolation-regression.md,docs/stages/p8/implementation/p8-w18-security-isolation-regression/README.md,pending,pending,pending,pending,
b317b88ad6f78f82143ec6af2cf2b41a143ae741,P8-W19,docs/stages/p8/plans/p8-w19-validation-guest-dual-track.md,docs/stages/p8/implementation/p8-w19-validation-guest-dual-track/README.md,pending,pending,pending,pending,
b317b88ad6f78f82143ec6af2cf2b41a143ae741,P8-W20,docs/stages/p8/plans/p8-w20-documentation-closure-handoff.md,docs/stages/p8/implementation/p8-w20-documentation-closure-handoff/README.md,pending,pending,pending,pending,AUD-006
