_package,requirement/validation_id,requirement_validation_id,acceptance,evidence_path,status
P0-W01,"P0-V01 / W01-DV01..03,DV06,DV07",,"local repository baseline on main, fresh-clone layout and no machine-specific prerequisites; license and scope reviewed",docs/stages/p0/verification/p0-w01-repository-baseline-verification.md,claimed passed historically; not independently rerun; remote publication explicitly unverified
P0-W01,P0-V09 / W01-DV04..07,,"root navigation, text/ignore policy, license discoverability, scope boundaries consistent",docs/stages/p0/verification/p0-w01-repository-baseline-verification.md,claimed passed historically; not independently rerun
P0-W02,P0-V02 / W02-DV01,,"exact three-part stable pin, minimal profile, rustfmt+clippy, empty target list, valid TOML and pointer",docs/stages/p0/verification/p0-w02-rust-toolchain-baseline-verification.md,"reported passed via tomllib parse; historical evidence, not rerun"
P0-W02,P0-V02 / W02-DV02..03,,fresh rustup sandbox restores exact pin/components from repo and repeated invocation is idempotent,docs/stages/p0/verification/p0-w02-rust-toolchain-baseline-verification.md,"reported passed; evidence specifies isolated RUSTUP_HOME/CARGO_HOME, version/components and second run; historical, not rerun"
P0-W02,P0-V02 / W02-DV04; P0-V08 boundary,,single-source and developer/CI parity policy; CI must consume manifest,docs/stages/p0/verification/p0-w02-rust-toolchain-baseline-verification.md,single-source review passed; actual CI consumption not run/deferred to W20
P0-W02,P0-V09 / W02-DV05..06,,"policy thresholds coherent and discoverable, with links resolving",docs/stages/p0/verification/p0-w02-rust-toolchain-baseline-verification.md,reported passed; historical review
P0-W03,P0-V05 / W03-DV01,,"four build classes separated, manifest target and Cargo schemas correct",docs/stages/p0/verification/p0-w03-aarch64-build-target-baseline-verification.md,reported passed historically; not rerun
P0-W03,P0-V05 / W03-DV02..04,,"W02-provisioned target build succeeds to AArch64 ELF, assembly participates, rebuilds repeatably; probe contains only contracted placeholders",docs/stages/p0/verification/p0-w03-aarch64-build-target-baseline-verification.md,reported passed historically; no EL2/QEMU/host/release proof
P0-W03,P0-V09 / W03-DV05..06,,target policy coherent and discoverable,docs/stages/p0/verification/p0-w03-aarch64-build-target-baseline-verification.md,reported passed historically; not rerun
P0-W03,W03 closure / W03-DV07,,W07/W09/W16/W19/W20/P1 consumers can use bounded handoff without inventing policy,docs/stages/p0/verification/p0-w03-aarch64-build-target-baseline-verification.md,reported passed as document-level consumability review; downstream packages still own execution and not thereby proven complete
P0-W04,P0-V09 / W04-DV01..03,,"three switch classes and precedence, complete six-profile registry/non-fork rule, explicit five prohibited categories and thresholds",docs/stages/p0/verification/p0-w04-build-profile-feature-governance-verification.md,reported passed historically via policy review; not rerun
P0-W04,P0-V09/P0-V15 / W04-DV04,,hypothetical review drill yields unambiguous classifications and rejects runtime quantity/prohibited mix,docs/stages/p0/verification/p0-w04-build-profile-feature-governance-verification.md,reported passed historically; four hypothetical examples only
P0-W04,P0-V09 / W04-DV05; P0-V15 / DV06,,"discoverable policy, P1 consumers can classify without inventing boundary",docs/stages/p0/verification/p0-w04-build-profile-feature-governance-verification.md,reported passed document-level; no real downstream feature/profile tested
P0-W05,P0-V09 / W05-DV01..05,,"class inventory, metadata, stage boundaries, entry/link coherence, bounded edits checked",docs/stages/p0/verification/p0-w05-documentation-baseline-verification.md,reported passed historically; not rerun; forward references intentionally remain
P0-W05,P0-V09/P0-V15 / W05-DV06,,"W06 author, P1 planner and policy author can find class/home/header/threshold paths",docs/stages/p0/verification/p0-w05-documentation-baseline-verification.md,reported passed using 3 role-play walkthroughs; document-level only
P0-W05,P0-V09 / W05-DV07,,W06/W07/W21/P1 consumers can apply taxonomy and separation without inventing rules,docs/stages/p0/verification/p0-w05-documentation-baseline-verification.md,reported passed as review; mechanical W07/W20 enforcement not run/deferred
P0-W06,"P0-V10 / W06-DV01..03,DV05",,"five states/transitions, ADR-vs-local decision test, conflict labels/history/supersession path and hypothetical drill consistent with accepted baseline",docs/stages/p0/verification/p0-w06-adr-governance-verification.md,reported passed historically; no actual ADR/proposal/edit tested
P0-W06,"P0-V09/P0-V10 / W06-DV04,DV06",,template fields match process and routing/index links resolve,docs/stages/p0/verification/p0-w06-adr-governance-verification.md,reported passed including hypothetical fill-in; not rerun
P0-W06,P0-V10 / W06-DV07,,later package roles can apply escalation mechanism without inventing policy,docs/stages/p0/verification/p0-w06-adr-governance-verification.md,reported passed as role-play/read-through; no later real conflict usage proven
P0-W07,"P0-V06 / W07-DV01,DV02,DV05",,"format gate, register and per-gate standards defined; local invocation dry-run works where subjects exist",docs/stages/p0/verification/p0-w07-development-quality-gates-verification.md,reported passed historically; W03 formatting issue corrected; not rerun
P0-W07,"P0-V07 / W07-DV02,DV03,DV05",,lint/warning policy defined and host/target local dry-runs pass,docs/stages/p0/verification/p0-w07-development-quality-gates-verification.md,reported passed historically; W08 placeholder lint issue corrected; not rerun
P0-W07,"P0-V03/V04/V05 / W07-DV04,DV05",,host-test/target-build binding works through W08/W03 entries,docs/stages/p0/verification/p0-w07-development-quality-gates-verification.md,reported passed as local dry-run; target compile only; host test count one; not CI
P0-W07,"P0-V08 boundary / W07-DV04,DV07",,required gates visible/enforced in GitHub CI and branch protection,docs/stages/p0/verification/p0-w07-development-quality-gates-verification.md,not run; explicitly W20-owned; policy/read-through does not satisfy P0-V08
P0-W07,P0-V09 / W07-DV06,,quality-gate contract discoverable with links,docs/stages/p0/verification/p0-w07-development-quality-gates-verification.md,reported passed local/ad-hoc check; recorded P8 forward references excluded
P0-W08,P0-V03 / W08-DV02,,entry builds and tests host members; CI leg also needed for package goal,docs/stages/p0/verification/p0-w08-host-side-testing-baseline-verification.md,"local entry passed; CI not run, W20-owned"
P0-W08,P0-V04 / W08-DV03..04,,"placeholder passes and deliberate mutation fails visibly/nonzero, revert passes",docs/stages/p0/verification/p0-w08-host-side-testing-baseline-verification.md,"historically reported passed, mutation exit 101; not rerun"
P0-W08,"P0-V09 / W08-DV01,DV05,DV06",,"test boundary, matrix, proof boundary and navigation coherent",docs/stages/p0/verification/p0-w08-host-side-testing-baseline-verification.md,historically reported passed; no product logic coverage
P0-W09,P0-V13 / W09-DV01..05,,"one complete documented interface, grammar/status/evidence paths, placeholder marking, no competing automated QEMU entry",docs/stages/p0/verification/p0-w09-qemu-automation-entry-baseline-verification.md,reported passed historically through documentary review/walkthrough; no runner/QEMU execution
P0-W09,"P0-V09 / W09-DV04,DV06",,discoverability and prerequisite references truthful,docs/stages/p0/verification/p0-w09-qemu-automation-entry-baseline-verification.md,reported passed; link review historical
P0-W10,P0-V11 / W10-DV01..04,,policy and inventory exist with complete schema and usable positive/negative first-unsafe workflow,docs/stages/p0/verification/p0-w10-unsafe-rust-governance-verification.md,reported passed historically via documents/walkthrough; no real unsafe processed
P0-W10,P0-V11 / W10-DV05,,no unsafe or preauthorization exists before governance lands,docs/stages/p0/verification/p0-w10-unsafe-rust-governance-verification.md,reported `git grep unsafe -- *.rs` empty at start and closure; not rerun
P0-W10,P0-V09 / W10-DV06,,policy/inventory discoverable; links resolve,docs/stages/p0/verification/p0-w10-unsafe-rust-governance-verification.md,reported passed historically
P0-W11,P0-V12 / W11-DV01..04,,layer table/redlines/quirk boundary/capability rule applied to hypothetical UART difference without invented schema,docs/stages/p0/verification/p0-w11-platform-portability-guardrails-verification.md,reported passed historically by review and hypothetical walkthrough; no code or schema tested
P0-W11,P0-V09/P0-V12/P0-V15 / W11-DV05..06,,routing/pointer links resolve and P1 platform/memory/IRQ/BSP authors can state red lines,docs/stages/p0/verification/p0-w11-platform-portability-guardrails-verification.md,reported passed as documentation/read-through only; not future package completion
P0-W12,"P0-V09 / W12-DV01,DV02,DV05,DV06",,channel taxonomy/levels/trimming and implementation-independent constraints complete/discoverable,docs/stages/p0/verification/p0-w12-logging-diagnostic-baseline-verification.md,reported passed historically by semantic review and hypothetical scenario walkthrough
P0-W12,"P0-V14 / W12-DV03,DV04",,"fatal info minimum and build identity association, cross-reviewed with W16",docs/stages/p0/verification/p0-w12-logging-diagnostic-baseline-verification.md,fatal minimum passed document review; identity property documented but two-way W16 cross-review was explicitly pending; do not treat P0-V14 cross-review as complete from W12 alone
P0-W13,P0-V09 / W13-DV01..06,,"all fourteen domains, canonical name grammar, empty registry, immutability/deprecation, W12 boundary, and hypothetical attribution tests",docs/stages/p0/verification/p0-w13-trace-event-namespace-baseline-verification.md,reported passed historically as document review/paper drill; no real event or telemetry
P0-W13,P0-V09 / W13-DV06,,routing and policy links resolve; consumers can name future events consistently,docs/stages/p0/verification/p0-w13-trace-event-namespace-baseline-verification.md,reported passed historically; real event declarations remain future
P0-W14,P0-V09 / W14-DV01,,five classes use uniform fields and adjacent classes are distinct,docs/stages/p0/verification/p0-w14-panic-failure-classification-verification.md,reported passed historically; taxonomy source and pinned manifest blob/line count independently inspected
P0-W14,P0-V09 / W14-DV02,,"guest-triggerability, no-downgrade, authorization, source, and escalation rules are explicit; fatal only for invariant exits",docs/stages/p0/verification/p0-w14-panic-failure-classification-verification.md,reported passed historically; source says no runtime classification is proved
P0-W14,"P0-V09 / W14-DV03,DV04,DV06",,"diagnostic/checklist embedding, hypothetical scenarios, and consumer review complete",docs/stages/p0/verification/p0-w14-panic-failure-classification-verification.md,reported passed documentary review; downstream runtime conformance not established
P0-W14,P0-V09 / W14-DV05,,"one-link routing, truthful index status, links resolve",docs/stages/p0/verification/p0-w14-panic-failure-classification-verification.md,reported passed historically; no fresh link checker run
P0-W15,P0-V09 / W15-DV01,,"four required address semantics, acronyms, validity/producer-consumer notes and reserved DMA trigger are discoverable",docs/stages/p0/verification/p0-w15-address-identifier-type-safety-verification.md,reported passed historical documentary review; normative source fully inspected and pinned
P0-W15,P0-V09 / W15-DV02,,"five identity semantics, VM-ID/Stage-2 VMID distinction, physical/virtual interrupt split and reserved owners are explicit",docs/stages/p0/verification/p0-w15-address-identifier-type-safety-verification.md,reported passed historical documentary review
P0-W15,"P0-V09 / W15-DV03,DV04,DV05,DV06",,six rules/checklists avoid API prescription; hypothetical non-prescription walkthrough and downstream consumption/link review pass,docs/stages/p0/verification/p0-w15-address-identifier-type-safety-verification.md,reported passed; no code/mechanical gate or P1/P2/P5/P6 conformance demonstrated
P0-W16,"P0-V14 / W16-DV01,DV02,DV03",,all identity questions/fields and policies/reservations are source-backed and no first-artifact required value is silently waived,docs/stages/p0/verification/p0-w16-version-build-metadata-baseline-verification.md,"reported passed historical documentary review; prerequisite gaps recorded, not waived"
P0-W16,P0-V14 / W16-DV04,,W12 diagnostic identity association matches exact five-field W16 minimum with mutual review recorded,docs/stages/p0/verification/p0-w16-version-build-metadata-baseline-verification.md,"reported passed and W16 record says symmetric W12 entry is satisfied; confirms contract-link consistency, not runtime diagnostic emission"
P0-W16,"P0-V14 / W16-DV05,DV06",,routing/status accurate and W17/W19/W20/P1 consumers know their boundaries,docs/stages/p0/verification/p0-w16-version-build-metadata-baseline-verification.md,reported passed documentary review; W17 name mapping cross-review was explicitly armed for W17 closure
P0-W17,"P0-V14 / W17-DV01,DV02",,grammar/parseability and W16 mapping are consistent; name is view not authority,docs/stages/p0/verification/p0-w17-artifact-naming-baseline-verification.md,"historically reported passed; W16 mutual cross-review claimed in both package records, no concrete production run"
P0-W17,"P0-V14 / W17-DV03,DV04",,"five vocabularies and eleven categories have governed tokens, consumer/applicability/status, reserved boundaries",docs/stages/p0/verification/p0-w17-artifact-naming-baseline-verification.md,historically reported passed; profile vocabulary intentionally empty and hypervisor remains unproducible by naming contract until populated
P0-W17,"P0-V14 / W17-DV05,DV06,DV07",,hypothetical examples parse; routing and consumer handoffs are discoverable,docs/stages/p0/verification/p0-w17-artifact-naming-baseline-verification.md,reported passed documentary review; no actual artifact/naming/reproducibility demonstrated
P0-W18,"P0-V09 / W18-DV01,DV02,DV03",,"evaluation dimensions, tier boundaries, register schema/events and truthful empty state are discoverable",docs/stages/p0/verification/p0-w18-dependency-governance-verification.md,reported passed historical review; actual register empty and no candidate approved
P0-W18,P0-V09 / W18-DV04,,hypothetical candidate rehearsal traverses lifecycle without unresolved step and stays out of register,docs/stages/p0/verification/p0-w18-dependency-governance-verification.md,"claimed passed but evidence is partly illustrative assertions without cited sources (e.g. measured in-house alternative, zero transitive count, no allocation); rehearsal proves process shape only, not facts about any real dependency"
P0-W18,"P0-V09 / W18-DV05,DV06,DV07",,policy/register routing and W10/W03/consumer boundaries are consistent,docs/stages/p0/verification/p0-w18-dependency-governance-verification.md,reported passed documentary review; no automated manifest-register test exists
P0-W19,P0-V01-V05/P0-V13 / W19-DV01-DV06,,fresh-clone walkthrough can discover execution entry documents and states host/target/QEMU/artifact boundaries accurately,docs/stages/p0/verification/p0-w19-reproducible-development-workflow-verification.md,historically reported passed; cloned execution corroboration explicitly personal-environment and placeholder did not run
P0-W19,P0-V08 scout / W19-DV07,,"branch-to-PR sequence cites policy, owners, and does not treat future checks as already passing",docs/stages/p0/verification/p0-w19-reproducible-development-workflow-verification.md,historical snapshot states pending-W20; later workflow source was updated to state W20 enforcement configured. W19 walkthrough cannot prove P0-V08; cross-check W20 evidence
P0-W20,P0-V08 / W20-DV01-DV03,,six check mapping/configured jobs agree; local realizations pass; future classes aren't presented as covered,docs/stages/p0/verification/p0-w20-ci-baseline-verification.md,"reported passed historically; host/local dry-run plus actual workflow inspected, do not claim future runtime coverage"
P0-W20,P0-V08 / W20-DV04-DV06,,"live settings mirror contract; six checks execute on real PR, a failing required check blocks, restore returns green, unchecked direct push rejected",docs/stages/p0/verification/p0-w20-ci-baseline-verification.md,"reported passed using GitHub API and PR #31/#32, including admin-context direct-push rejection; current live settings not re-queried in this package mapping turn"
P0-W20,P0-V08 / W20-DV07-DV09,,failure logs attributable and W19/W22 consumers can use status/check mapping,docs/stages/p0/verification/p0-w20-ci-baseline-verification.md,reported passed; W19 enforcement statement updated same change and now current workflow agrees at document level
P0-W21,P0-V09 / W21-DV01-DV04,,"layers/fields, admission and traceability rules are non-mixing and discoverable",docs/stages/p0/verification/p0-w21-stage-plan-implementation-workflow-verification.md,reported passed documentary review; DV03 traces P0-W01 real document chain and links
P0-W21,"P0-V15 / W21-DV05,DV06",,P0 and P1-style consumers can identify artifacts/holds from documents alone,docs/stages/p0/verification/p0-w21-stage-plan-implementation-workflow-verification.md,"reported passed reachability drills; P1 drill hypothetical, does not prove any P1 package implementation or evidence"
P0-W21,P0-V09/P0-V15 / W21-DV07,,W22 link-never-copy handoff and W06 escalation ownership consumable,docs/stages/p0/verification/p0-w21-stage-plan-implementation-workflow-verification.md,reported passed review
P0-W22,"P0-V15 / W22-DV01,DV02",,all 22 register rows have complete fields and truthful status/evidence pointers based on stage records,docs/stages/p0/verification/p0-w22-stage-dependency-map-verification.md,reported passed at authoring-time status audit; all rows point to verification docs and paths resolve in reviewed map
P0-W22,"P0-V15 / W22-DV03,DV06",,"P1/P2/P3 consumption needs, reuse conditions and upstream-defect blockers are accessible without re-deriving P0",docs/stages/p0/verification/p0-w22-stage-dependency-map-verification.md,"reported passed documentary planner drill; policy lookup/discoverability, not proof actual P1 artifacts or implementation exist"
P0-W22,"P0-V09/P0-V15 / W22-DV04,DV05,DV07",,"map/report links, all validation statuses, open issues, scope boundaries and handoff package are present and discoverable",docs/stages/p0/verification/p0-w22-stage-dependency-map-verification.md,reported passed; completion report asserts P0-V01-V15 verified and P0 closure
P1-W01,P1-V01 content and canonical path contract; P1-V02 unsupported-entry semantics reviewed. W01 DV06 executable normal and rejected-environment proofs are deferred to W10/W11; consumer walkthrough passed.,,package-owned plan acceptance mapped to its verification IDs and P1 task-book validation IDs; distinguish documentary/source/host evidence from executed target/QEMU evidence,docs/stages/p1/verification/p1-w01-reference-boot-contract-verification.md,"see verification file; not-run, deferred, partial and blocked cases remain explicit as described above"
P1-W02,"P1-V03 establishment order/runtime contracts reviewed; P1-V04 hidden-assumption review passed, repeated integrated boot deferred W10.",,package-owned plan acceptance mapped to its verification IDs and P1 task-book validation IDs; distinguish documentary/source/host evidence from executed target/QEMU evidence,docs/stages/p1/verification/p1-w02-minimal-rust-el2-runtime-verification.md,"see verification file; not-run, deferred, partial and blocked cases remain explicit as described above"
P1-W03,"P1-V05 runtime report and P1-V06 negative scenario still pending W09 and W10/W11; source/host unit reviews and W04/W08 consumer design reviews passed, not consumer implementation.",,package-owned plan acceptance mapped to its verification IDs and P1 task-book validation IDs; distinguish documentary/source/host evidence from executed target/QEMU evidence,docs/stages/p1/verification/p1-w03-aarch64-capability-inventory-verification.md,"see verification file; not-run, deferred, partial and blocked cases remain explicit as described above"
P1-W04,P1-V07 source/register/guard/order reviews passed; execution/100-boot proof deferred to W09/W10. Host readback tests do not prove architectural state on target.,,package-owned plan acceptance mapped to its verification IDs and P1 task-book validation IDs; distinguish documentary/source/host evidence from executed target/QEMU evidence,docs/stages/p1/verification/p1-w04-el2-architectural-state-baseline-verification.md,"see verification file; not-run, deferred, partial and blocked cases remain explicit as described above"
P1-W05,"P1-V08 structural all-slot source/host evidence passed; P1-V09 executed synchronous exception half explicitly pending W11 at earlier record, with NC6 transferred to P6-V29 and not waived.",,package-owned plan acceptance mapped to its verification IDs and P1 task-book validation IDs; distinguish documentary/source/host evidence from executed target/QEMU evidence,docs/stages/p1/verification/p1-w05-el2-exception-entry-baseline-verification.md,"see verification file; not-run, deferred, partial and blocked cases remain explicit as described above"
P1-W06,"P1-V10 mechanism/source reviews and target compile reported passed, but console/marker through stable state and post-MMU execution not run (W10 owns).",,package-owned plan acceptance mapped to its verification IDs and P1 task-book validation IDs; distinguish documentary/source/host evidence from executed target/QEMU evidence,docs/stages/p1/verification/p1-w06-early-console-logging-verification.md,"see verification file; not-run, deferred, partial and blocked cases remain explicit as described above"
P1-W07,"P1-V11/P1-V12 contract/source review partly reported, one QEMU panic probe present; P1 taskbook NC execution evidence remains distributed to W11 and not completed for all required cases.",,package-owned plan acceptance mapped to its verification IDs and P1 task-book validation IDs; distinguish documentary/source/host evidence from executed target/QEMU evidence,docs/stages/p1/verification/p1-w07-fatal-crash-diagnostics-verification.md,"see verification file; not-run, deferred, partial and blocked cases remain explicit as described above"
P1-W08,P1-V13 region attribute/host review and P1-V14 post-MMU execution are not complete per the listed W08 records; stages separately mark foundation/activation partial and runtime/faults pending.,,package-owned plan acceptance mapped to its verification IDs and P1 task-book validation IDs; distinguish documentary/source/host evidence from executed target/QEMU evidence,docs/stages/p1/verification/p1-w08-const-initialization-verification.md,"see verification file; not-run, deferred, partial and blocked cases remain explicit as described above"
P1-W09,P1-V15 lifecycle review/test and P1-V17 repeated boot evidence reported through W09/W10 records; verification cites integrated run. Confirm per current W09 record; does not substitute for NC6.,,package-owned plan acceptance mapped to its verification IDs and P1 task-book validation IDs; distinguish documentary/source/host evidence from executed target/QEMU evidence,docs/stages/p1/verification/p1-w09-initialization-sequencing-verification.md,"see verification file; not-run, deferred, partial and blocked cases remain explicit as described above"
P1-W10,"P1-V16 independent bounded verdict and P1-V17 100 repeat clean boots are reported passed; NC4 R2 evidence exists, NC1–NC5 paired run evidence owned/assembled W11; NC6 remains transferred/not proof.",,package-owned plan acceptance mapped to its verification IDs and P1 task-book validation IDs; distinguish documentary/source/host evidence from executed target/QEMU evidence,docs/stages/p1/verification/p1-w10-qemu-boot-regression-verification.md,"see verification file; not-run, deferred, partial and blocked cases remain explicit as described above"
P1-W11,P1-V18 v0.2 now requires NC3/NC4/NC5 only; NC1/NC2 separately support V02/V06; NC6 is transferred to P6-V29 not waived. P1-V19 scope/security review is distinct. W11 historical verification custodies run evidence.,,package-owned plan acceptance mapped to its verification IDs and P1 task-book validation IDs; distinguish documentary/source/host evidence from executed target/QEMU evidence,docs/stages/p1/verification/p1-w11-negative-fault-validation-verification.md,"see verification file; not-run, deferred, partial and blocked cases remain explicit as described above"
P1-W12,P1-V20 docs consistency and P1-V21 governance map checks reported passed. Verification explicitly notes NC6 still unavailable/transferred; no P1 completion claim.,,package-owned plan acceptance mapped to its verification IDs and P1 task-book validation IDs; distinguish documentary/source/host evidence from executed target/QEMU evidence,docs/stages/p1/verification/p1-w12-p1-documentation-handoff-verification.md,"see verification file; not-run, deferred, partial and blocked cases remain explicit as described above"
P2-W01,,P2-A01; P2-V01; W01-DV01-DV03/DV09,Explicit zero-read placement rejection and bounded mapped access,docs/stages/p2/verification/p2-w01-boot-platform-description-intake-verification.md,passed in recorded reference scope; not rerun
P2-W01,,P2-A02-A04; P2-V02; W01-DV04-DV08/DV10,Bounded structure/cursor/encoding and actual W02 handoff,docs/stages/p2/verification/p2-w01-boot-platform-description-intake-verification.md,passed finite host mutation and QEMU smoke; not exhaustive fuzzing
P2-W01,,P2-V09/P2-V11,Real corpus and full QEMU matrix,"['docs/stages/p2/verification/p2-w07-offline-dtb-compatibility-verification.md', 'docs/stages/p2/verification/p2-w09-qemu-integration-regression-verification.md']",record absent; smoke does not satisfy these
P2-W02,,P2-B01-B08; P2-V03; W02-DV01-DV07,Required declared CPU/RAM/reservation/GIC/timer/PSCI/chosen facts and diagnostic states,docs/stages/p2/verification/p2-w02-platform-discovery-normalization-verification.md,passed as recorded; no device initialization
P2-W02,,P2-C01-C03; P2-V04; W02-DV08-DV10,"Five states, getters, capability projection, fieldwise determinism and no Core board-name branching",docs/stages/p2/verification/p2-w02-platform-discovery-normalization-verification.md,passed as recorded
P2-W02,,P2-V09/V11/V12,Real fixture/full QEMU/formal handoff,"['docs/stages/p2/verification/p2-w07-offline-dtb-compatibility-verification.md', 'docs/stages/p2/verification/p2-w09-qemu-integration-regression-verification.md', 'docs/stages/p2/verification/p2-w10-p3-p4-handoff-contract-verification.md']",record absent
P2-W03,,P2-D01-D08/P2-G01-G03; P2-V05; W03-DV01-DV10,"Checked byte conflicts/page unions, protected exclusions, seal and provenance",docs/stages/p2/verification/p2-w03-boot-memory-map-ownership-verification.md,host evidence retained; later runtime record supersedes completion boundary
P2-W03,,W03-RV01-RV05,One-shot borrowed storage; real W01/W02 boot; terminal errors; debug/release stack; usable seam,docs/stages/p2/verification/p2-w03-runtime-verification.md,passed bounded fixtures; no W04 allocator
P2-W03,,P2-V10/V11,Full stress/integration matrices,"['docs/stages/p2/verification/p2-w08-host-robustness-regression-verification.md', 'docs/stages/p2/verification/p2-w09-qemu-integration-regression-verification.md']",record absent
P2-W04,,P2-E01-E08; P2-V06; W04-DV01-DV09,"Never protected, exact free identity, OOM/alignment/multiregion/conservation",docs/stages/p2/verification/p2-w04-physical-page-allocation-verification.md,record absent; design gates open
P2-W04,,P2-V10/V11,Stress and actual mapped metadata integration,"['docs/stages/p2/verification/p2-w08-host-robustness-regression-verification.md', 'docs/stages/p2/verification/p2-w09-qemu-integration-regression-verification.md']",record absent
P2-W05,,P2-F01-F04; P2-V07; W05-DV01-DV07,"Backing exclusion, layout, release/reuse, exhaustion/recovery, stress/accounting",docs/stages/p2/verification/p2-w05-dynamic-small-allocation-verification.md,record absent; DV04 blocked by global adapter design
P2-W05,,P2-V10,W08 stress,['docs/stages/p2/verification/p2-w08-host-robustness-regression-verification.md'],record absent
P2-W06,,P2-H01-H04; P2-V08; W06-DV01-DV09,"Derived live state, exact union equations, content exclusion, deterministic bounded rendering",docs/stages/p2/verification/p2-w06-platform-memory-inspection-verification.md,record absent
P2-W06,,P2-V11,Actual boot inspection integration,docs/stages/p2/verification/p2-w09-qemu-integration-regression-verification.md,record absent
P2-W07,,P2-I01-I05; P2-V09; W07-DV01-DV06,"Both fixtures objective same-code discovery, safe unrelated devices, explicit limits",docs/stages/p2/verification/p2-w07-offline-dtb-compatibility-verification.md,record absent; adapter/provenance pending
P2-W07,,P2-V10,Fixture reuse/determinism,docs/stages/p2/verification/p2-w08-host-robustness-regression-verification.md,record absent
P2-W08,,P2-J01-J05; P2-V10,All malformed/map/allocator/stress/determinism scenario groups executed with reproducible rows,docs/stages/p2/verification/p2-w08-host-robustness-regression-verification.md,record absent; allocator and fixture foundations missing
P2-W08,,W08-DV01-DV06,"Design fidelity, coverage, hermeticity, executability, evidence schema and consumer walkthrough",docs/stages/p2/verification/p2-w08-host-robustness-regression-verification.md,record absent; design review alone not scenario pass
P2-W09,,P2-K01-K05; P2-V11,Every required configuration/repetition passes discovery/accounting/inspection and host baseline,docs/stages/p2/verification/p2-w09-qemu-integration-regression-verification.md,record absent; W01/W03 smoke not full matrix
P2-W09,,W09-DV01-DV06,"Honest pinned expectations, completeness, proof boundaries and drift handling",docs/stages/p2/verification/p2-w09-qemu-integration-regression-verification.md,record absent
P2-W10,,P2-L01-L05; P2-V12; W10-DV01-DV03/DV05,"Faithful source summaries, consumer usability, truthful status and limitations",docs/stages/p2/verification/p2-w10-p3-p4-handoff-contract-verification.md,record absent
P2-W10,,P2-V13; W10-DV04/DV06,"One plan per package, objective gates, links, actual acyclicity and ACR visibility",docs/stages/p2/verification/p2-w10-p3-p4-handoff-contract-verification.md,record absent; this audit does not perform W10 closure
P3-W01,P3-V01 / W01-DV01–DV04,,typed non-contiguous hardware identity; stable logical mapping; input classification and rejection; boot identity maps to Present,docs/stages/p3/verification/p3-w01-cpu-topology-inputs-verification.md,planned; evidence file absent
P3-W01,P3-V01 / W01-DV05–DV06,,per-CPU diagnostic completeness and one QEMU capture for each declared 1/2/4/8 CPU count; repeated cold-boot matrix deferred to W13,docs/stages/p3/verification/p3-w01-cpu-topology-inputs-verification.md; P3-W13 verification (absent),planned; no captured evidence
P3-W01,W01-DV07,,"record deviations, consumers, limits, and handoff without completion claim",docs/stages/p3/implementation/p3-w01-cpu-topology-inputs-record.md,planned; implementation record absent
P3-W02,P3-V02 / W02-DV01–DV05,,recorded P2 facts only; valid entry/identity; phase-attributed outcomes; bounded poll termination; isolated candidate failures,docs/stages/p3/verification/p3-w02-secondary-cpu-bring-up-verification.md,planned; file absent
P3-W02,P3-V02 / W02-DV06–DV07,,single QEMU capture for declared CPU counts reachable; every expected secondary Started; induced absent-CPU request yields RequestRejected without retry; timeout-on-target only host-test bound,docs/stages/p3/verification/p3-w02-secondary-cpu-bring-up-verification.md,planned; no capture
P3-W02,W02-DV08,,consumer contract/review and recorded deviations; no completion claim,docs/stages/p3/implementation/p3-w02-secondary-cpu-bring-up-record.md,planned; record absent
P3-W03,P3-V03 / W03-DV01-DV04,,state vocabulary/legal edge table; exactly-once Online; all consumer gates and online snapshot match state/class matrix,docs/stages/p3/verification/p3-w03-physical-cpu-lifecycle-verification.md,planned; absent
P3-W03,P3-V03/P3-V11 / W03-DV05,,QEMU SMP-ready dump for all-online and failed-start boot; failed CPU excluded; attributable transition events,docs/stages/p3/verification/p3-w03-physical-cpu-lifecycle-verification.md; repeated matrix P3-W13 verification,planned; absent
P3-W03,W03-DV06,,implementation record and consumer contracts reconciled without completion claim,docs/stages/p3/implementation/p3-w03-physical-cpu-lifecycle-record.md,planned; absent
P3-W04,P3-V04 / W04-DV01-DV02,,layout/slot ownership/alignment; area/header validation and current/install accessor semantics,docs/stages/p3/verification/p3-w04-per-cpu-runtime-verification.md,planned; file absent
P3-W04,P3-V04 / W04-DV03,,"QEMU per-count capture for every online CPU with distinct identity, area and stack addresses, boot CPU included",docs/stages/p3/verification/p3-w04-per-cpu-runtime-verification.md,planned; no capture
P3-W04,P3-V04 / W04-DV04-DV05,,no implicit global current-CPU/context or self-lookup through table; implementation facts and consumer slot boundaries recorded,docs/stages/p3/verification/p3-w04-per-cpu-runtime-verification.md; docs/stages/p3/implementation/p3-w04-per-cpu-runtime-record.md,planned; both absent
P3-W05,P3-V05 / W05-DV01-DV03,,once-only phase publication; no shared-state access before gate; every admission follows the owning CPU readiness signal,docs/stages/p3/verification/p3-w05-smp-boot-synchronization-verification.md,planned; absent
P3-W05,P3-V05 / W05-DV04,,absent-CPU failure produces exact Degraded record with failed set; failures accounted rather than hang,docs/stages/p3/verification/p3-w05-smp-boot-synchronization-verification.md,planned; absent
P3-W05,P3-V05 / W05-DV05-DV06,,W02/W03/W04/W12/W13 integration and repeated per-count capture; optional timing diagnostic only,docs/stages/p3/verification/p3-w05-smp-boot-synchronization-verification.md; W13 repeated matrix,planned; absent
P3-W05,W05 closure,,handoff names degraded policy owner/limits and no completion claim,docs/stages/p3/implementation/p3-w05-smp-boot-synchronization-record.md,planned; absent
P3-W06,P3-V06 / W06-DV01..DV07,,all primitive/context/ordering/ladder/misuse/integration checks pass; contention within declared limits,docs/stages/p3/verification/p3-w06-concurrency-synchronization-verification.md,absent; proposed checks only
P3-W07,P3-V07 / W07-DV01..DV07,,target/self/concurrent/invalid/offline outcomes recoverable; accounting explainable; scope/non-RPC limit explicit,docs/stages/p3/verification/p3-w07-cross-cpu-notification-verification.md,absent; matrix only
P3-W08,P3-V08 / W08-DV01..DV07,,"target/mask, ack/completion, timeout, invalid/offline and concurrency are diagnosable; no TLBI assertion",docs/stages/p3/verification/p3-w08-tlb-shootdown-transport-verification.md,absent; planned test matrix
P3-W09,P3-V09 / W09-DV01..DV07,,correct local context/identity on boot+secondary exception paths; no cross-CPU scratch; attributed fatal output; safe logging,docs/stages/p3/verification/p3-w09-cpu-local-exception-interrupt-verification.md,absent; proposed matrix only
P3-W10,P3-V10 / W10-DV01..DV06,,every reviewed mutable state classified with standard citations; unresolved/unclassified/blocked visible as closure blockers,docs/stages/p3/verification/p3-w10-smp-safety-audit-verification.md and docs/stages/p3/implementation/p3-w10-smp-safety-audit-record.md,both absent; framework has no results
P3-W11,P3-V11 / W11-DV01..DV07,,"meaningful CPU attribution for lifecycle, notification, transport, contention, boot synchronization; governance and capture review; no performance claim",docs/stages/p3/verification/p3-w11-smp-observability-verification.md,absent; design matrix only
P3-W12,P3-V12 / W12-DV01..DV06,,"repeatable stress/failure runs with explainable accounting and no corruption, permanent hang or undiagnosed failure within declared limits",docs/stages/p3/verification/p3-w12-smp-stress-failure-tests-verification.md,absent; scenario definitions only
P3-W13,P3-V13 / W13-DV01..DV07,,1/2/4/8 counts × repeated cold boots meet boot/online/event/stress/allocator criteria with complete captures and honest statuses,docs/stages/p3/verification/p3-w13-qemu-smp-regression-verification.md,absent; no campaign run
P3-W14,P3-V14 / W14-DV01..DV06,,P4 planner can locate/rely on evidenced Host SMP foundations; limitations and unresolved items explicit; no Stage-2/P4 claim,docs/stages/p3/implementation/p3-w14-p4-smp-handoff-contract.md and docs/stages/p3/verification/p3-w14-p4-smp-handoff-verification.md,both absent
P3-W15,P3-V15 / W15-DV01..DV07,,coherent scope/links/plan and evidence coverage/exit traceability without premature completion assertion,docs/stages/p3/verification/p3-w15-stage-documentation-acceptance-verification.md,absent; no checks or review run
P4-W01,P4-V01 / W01-DV01..06,,"linked review lists each P0-P3 prerequisite, evidence/absence, P4 consumer and block, with no undocumented assumed behavior",docs/stages/p4/verification/p4-w01-entry-contract-reconciliation-verification.md and docs/stages/p4/implementation/p4-w01-entry-contract-reconciliation-record.md,both absent
P4-W02,P4-A01..A07; P4-V02/V07/V08; W02-DV01..DV11,,"independent lifecycle, mapping mutation/query/activation, and no stale current-path translations; isolation/permission enforcement through Guest accesses",docs/stages/p4/verification/p4-w02-stage2-address-space-verification.md,"absent; matrix only, guest execution dependencies not implemented"
P4-W03,"['P4-V03: only allocator-derived Guest pages, protected-overwrite rejection, deterministic reinitialization; evidence docs/stages/p4/verification/p4-w03-guest-memory-image-verification.md absent']",,P4-V03 requires evidence that only allocatable Host pages back Guest RAM and that invalid image inputs cannot overwrite protected memory. Passing also requires deterministic initialization across declared repeat scenarios. It does not prove Linux boot or a versioned virtual platform.,docs/stages/p4/verification/p4-w03-verification.md,planned; no verification record/evidence
P4-W03,implementation record / factual package status,,"Implementation, failures and handoff must be recorded only when work actually starts/completes.",docs/stages/p4/implementation/p4-w03-record.md,absent
P4-W04,"['P4-V04/V09: EL1 state, preserved EL2 control, required re-entry and defined stop; verification file absent']",,"P4-V04 and P4-V09 require evidence of correct EL1 entry, preserved EL2 control, one re-entry, a defined stop path, and diagnosable WFI/WFE or controlled Guest fault behavior. Passing does not demonstrate scheduler semantics or full VM destruction.",docs/stages/p4/verification/p4-w04-verification.md,planned; no verification record/evidence
P4-W04,implementation record / factual package status,,"Implementation, failures and handoff must be recorded only when work actually starts/completes.",docs/stages/p4/implementation/p4-w04-record.md,absent
P4-W05,"['P4-V05/V06/V08/V09: mandatory VG-001..007,010,012 plus explicit handling of optional 008/009/011; verification file absent']",,"P4-V05, P4-V06, P4-V08, and P4-V09 require real evidence for mandatory VG-001–VG-007, VG-010, and VG-012, plus explicit review treatment for VG-008/VG-009/VG-011 if they cannot be completed. Passing does not prove a general guest operating environment.",docs/stages/p4/verification/p4-w05-verification.md,planned; no verification record/evidence
P4-W05,implementation record / factual package status,,"Implementation, failures and handoff must be recorded only when work actually starts/completes.",docs/stages/p4/implementation/p4-w05-record.md,absent
P4-W06,"['P4-V06..V09: exit classification, contextual fault data, permission/isolation, no unexplained panic; verification absent']",,"P4-V06–P4-V09 require evidence that defined exits are distinguishable, faults carry required context, Hypervisor-owned access is blocked, permissions work, and controlled Guest faults do not become unexplained Hypervisor panics. This does not prove IOMMU/DMA isolation or all future Guest error policy.",docs/stages/p4/verification/p4-w06-verification.md,planned; no verification record/evidence
P4-W06,implementation record / factual package status,,"Implementation, failures and handoff must be recorded only when work actually starts/completes.",docs/stages/p4/implementation/p4-w06-record.md,absent
P4-W07,"['P4-V10..V12 deterministic reset, cold boot consistency, event categories/count/fault context; verification absent']",,"P4-V10–P4-V12 require real evidence for deterministic reinitialization, declared cold-boot consistency, observable required event categories, counts, and fault context. Passing does not prove all hardware behavior or a production telemetry service.",docs/stages/p4/verification/p4-w07-verification.md,planned; no verification record/evidence
P4-W07,implementation record / factual package status,,"Implementation, failures and handoff must be recorded only when work actually starts/completes.",docs/stages/p4/implementation/p4-w07-record.md,absent
P4-W08,"['P4-V13..V15 reproducible automation, determinate scenarios and repeated stability in QEMU; verification absent']",,P4-V13–P4-V15 require reproducible automated evidence that each specified test returns a determinate result and repeated declared iterations remain stable. Passing proves P4 behavior in the stated QEMU environment only; it does not prove real-hardware correctness.,docs/stages/p4/verification/p4-w08-verification.md,planned; no verification record/evidence
P4-W08,implementation record / factual package status,,"Implementation, failures and handoff must be recorded only when work actually starts/completes.",docs/stages/p4/implementation/p4-w08-record.md,absent
P4-W09,['P4-V16 factual linked closeout / constrained P5 handoff; record absent'],,"P4-V16 passes only when all factual records have linked evidence, limitations are explicit, and P5 inputs are constrained to proven P4 behavior. This is a completion-review package; it cannot manufacture successful runtime evidence.",docs/stages/p4/verification/p4-w09-verification.md,planned; no verification record/evidence
P4-W09,implementation record / factual package status,,"Implementation, failures and handoff must be recorded only when work actually starts/completes.",docs/stages/p4/implementation/p4-w09-record.md,absent
P5-W01,['P5-V01 evidence/absence review; no W01 implementation/verification record'],,"P5-V01 requires a linked review that names every prerequisite, its evidence location or absence, its consumer, and its ABI/security routing. Passing means no P5 package assumes undocumented upstream behavior. This is a documentation review, not runtime evidence.",docs/stages/p5/verification/p5-w01-verification.md,planned; no verification record/evidence
P5-W01,implementation record / factual package status,,"Implementation, failures and handoff must be recorded only when work actually starts/completes.",docs/stages/p5/implementation/p5-w01-record.md,absent
P5-W02,['P5-V02/V06/V15; no implementation or verification'],,"P5-V02, V06, and V15 require real review and implementation evidence that the supported ABI behavior, controlled errors, and factual ABI/security documents are compatible and distinguishable. Passing does not prove a public ABI or freeze values merely planned here.",docs/stages/p5/verification/p5-w02-verification.md,planned; no verification record/evidence
P5-W02,implementation record / factual package status,,"Implementation, failures and handoff must be recorded only when work actually starts/completes.",docs/stages/p5/implementation/p5-w02-record.md,absent
P5-W03,['P5-V03/V09/V10/V13; no implementation/evidence'],,"P5-V03, V09, V10, and V13 require evidence that required valid and invalid Guest-data cases receive controlled outcomes without unchecked Host access or an unexplained Hypervisor failure. This does not prove IPC or general shared memory.",docs/stages/p5/verification/p5-w03-verification.md,planned; no verification record/evidence
P5-W03,implementation record / factual package status,,"Implementation, failures and handoff must be recorded only when work actually starts/completes.",docs/stages/p5/implementation/p5-w03-record.md,absent
P5-W04,"['P5-V04/V05 lifecycle, forged/stale/reused/wrong-type cases; no implementation']",,"P5-V04 and V05 require lifecycle and type-safety evidence for forged, stale, reused, invalid-generation, and wrong-type references. Passing does not prove the representation, a general object system, or authority enforcement.",docs/stages/p5/verification/p5-w04-verification.md,planned; no verification record/evidence
P5-W04,implementation record / factual package status,,"Implementation, failures and handoff must be recorded only when work actually starts/completes.",docs/stages/p5/implementation/p5-w04-record.md,absent
P5-W05,['P5-V06..V08; no implementation/evidence'],,"P5-V06–V08 require evidence that an explicitly granted caller succeeds only within its rights, identity shortcuts never authorize, and revoked authority cannot be reused. Passing does not prove delegation, a policy engine, or a Control Domain.",docs/stages/p5/verification/p5-w05-verification.md,planned; no verification record/evidence
P5-W05,implementation record / factual package status,,"Implementation, failures and handoff must be recorded only when work actually starts/completes.",docs/stages/p5/implementation/p5-w05-record.md,absent
P5-W06,['P5-V09/V10; no implementation/verification'],,"P5-V09 and V10 require real evidence that the minimal permitted HVC validates the complete required chain, while malicious/malformed requests receive a defined contained result. Passing does not prove all future hypercalls or a complete VM-management interface.",docs/stages/p5/verification/p5-w06-verification.md,planned; no verification record/evidence
P5-W06,implementation record / factual package status,,"Implementation, failures and handoff must be recorded only when work actually starts/completes.",docs/stages/p5/implementation/p5-w06-record.md,absent
P5-W07,['P5-V11/V12; no Guest evidence'],,P5-V11 and V12 require real Validation Guest evidence that all required attack and valid cases produce expected results and one context cannot use another's authority. Passing proves only the declared test boundary.,docs/stages/p5/verification/p5-w07-verification.md,planned; no verification record/evidence
P5-W07,implementation record / factual package status,,"Implementation, failures and handoff must be recorded only when work actually starts/completes.",docs/stages/p5/implementation/p5-w07-record.md,absent
P5-W08,['P5-V13/V14; no run records'],,"P5-V13 and V14 require reproducible evidence that declared randomized/stress and multi-pCPU scenarios preserve required invariants and report their limits; the four baseline categories are recorded. Passing does not prove no bug, final scalability, or real-hardware timing.",docs/stages/p5/verification/p5-w08-verification.md,planned; no verification record/evidence
P5-W08,implementation record / factual package status,,"Implementation, failures and handoff must be recorded only when work actually starts/completes.",docs/stages/p5/implementation/p5-w08-record.md,absent
P5-W09,['P5-V15/V16; no records'],,"P5-V15 and V16 require evidence of the required result categories, safe default diagnostics, factual ABI/security documentation route, and determinate P4/P5 regression outcomes in the declared environment. Passing does not prove a production telemetry system or real-hardware correctness.",docs/stages/p5/verification/p5-w09-verification.md,planned; no verification record/evidence
P5-W09,implementation record / factual package status,,"Implementation, failures and handoff must be recorded only when work actually starts/completes.",docs/stages/p5/implementation/p5-w09-record.md,absent
P5-W10,['P5-V17 and twelve exit criteria; closeout record absent'],,"P5-V17 passes only when all stated facts have linked supporting evidence, required documentation is factual and compatibility-reviewed, limitations are explicit, and P6 inputs are constrained to proven behavior. This review cannot manufacture successful runtime evidence.",docs/stages/p5/verification/p5-w10-verification.md,planned; no verification record/evidence
P5-W10,implementation record / factual package status,,"Implementation, failures and handoff must be recorded only when work actually starts/completes.",docs/stages/p5/implementation/p5-w10-record.md,absent
P8-W03,,P8-V04,"P8-V04; required boot facts testable, no silently frozen implementation choice",docs/stages/p8/verification/p8-w03-*-verification.md,record absent; no package verification file
P8-W04,,P8-V05,P8-V05/V06; machine-consistent Guest-only DTB facts and host-leakage criteria; no output built,docs/stages/p8/verification/p8-w04-*-verification.md,record absent; no package verification file
P8-W05,,P8-V07,P8-V07/V08; declared normal/negative scenarios and controlled diagnostics; no trap implementation,docs/stages/p8/verification/p8-w05-*-verification.md,record absent; no package verification file
P8-W06,,P8-V09,"P8-V09; required secondary start and shutdown semantics declared, no implementation evidence",docs/stages/p8/verification/p8-w06-*-verification.md,record absent; no package verification file
P8-W07,,P8-V10,P8-V10; scenario coverage only; final LR/maintenance strategy remains excluded,docs/stages/p8/verification/p8-w07-*-verification.md,record absent; no package verification file
P8-W08,,P8-V11,"P8-V11; semantic time/target-vCPU matrix, no performance claim",docs/stages/p8/verification/p8-w08-*-verification.md,record absent; no package verification file
P8-W09,,P8-V12,P8-V12/V13; interactive initramfs plus containment and retained marker evidence; not current result,docs/stages/p8/verification/p8-w09-*-verification.md,record absent; no package verification file
P8-W10,,P8-V14,P8-V14/V15; SMP boot and stability conditions declared; no implementation/test result,docs/stages/p8/verification/p8-w10-*-verification.md,record absent; no package verification file
P8-W02,P8-V02 / W02-DV01..DV04,,Normative input/category/fact-class/route reviews specified but not reported run.,docs/stages/p8/implementation/p8-w02-machine-contract-governance/02-review-workflow.md §§2–3,planned; verification record absent
P8-W02,P8-V03 / W02-DV05,,Host-independence and compatibility review specified; no host fact in Guest-visible statements.,docs/stages/p8/implementation/p8-w02-machine-contract-governance/02-review-workflow.md §3,planned; verification record absent
P8-W02,W02-DV06/DV07,,Consumer consumability and claim-hygiene reviews; W02 completion does not freeze v1.,"docs/stages/p8/implementation/p8-w02-machine-contract-governance/02-review-workflow.md §§3,5",planned; verification record absent
P8-W16,P8-V21 / W16-DV02/DV03,,"Ordered marker + terminal outcomes; mandated VG/Linux 1/2/4 vCPU, >1 RAM class, intentional-fault row, fixture and owner vocabularies.",docs/stages/p8/implementation/p8-w16-automated-linux-regression/01-regression-matrix.md §§2–4; docs/stages/p8/implementation/p8-w16-automated-linux-regression/02-harness-contract-and-workflow.md §7,design specified; review and execution not evidenced; owner inputs blocked/assumed
P8-W16,P8-V22 / W16-DV04/DV05,,"Repeated boots compare marker sequence, fault delta, first-only symptoms, shutdown, SMP race window; no retry-to-pass.","docs/stages/p8/implementation/p8-w16-automated-linux-regression/02-harness-contract-and-workflow.md §§5,7",planned; no run record/verification evidence
P8-W16,W16-DV01..DV07,,"Precondition, oracle, matrix, repetition, classification and handoff reviews.",docs/stages/p8/implementation/p8-w16-automated-linux-regression/02-harness-contract-and-workflow.md §7,planned; verification record absent
P8-W18,P8-V24 / W18-DV02,,All named attack/fault vectors have row/property/trigger/expected outcome/containment/oracles.,docs/stages/p8/implementation/p8-w18-security-isolation-regression/01-isolation-scenario-matrix.md §§3–5; docs/stages/p8/implementation/p8-w18-security-isolation-regression/02-workflow-oracles-and-handoff.md §4,design matrix only; review/run not evidenced; triggers blocked/assumed
P8-W18,P8-V24 / W18-DV03,,Host-protection and cross-context observation boundaries explicit; full multi-VM remains Reserved.,docs/stages/p8/implementation/p8-w18-security-isolation-regression/01-isolation-scenario-matrix.md §4,design review planned; no execution evidence
P8-W18,P8-V24 / W18-DV04/DV05,,"Run rows under W16, classify verdicts and escalate security blocks.",docs/stages/p8/implementation/p8-w18-security-isolation-regression/02-workflow-oracles-and-handoff.md §§2–4,not run; W16/source prerequisites assumed
P8-W18,W18-DV06,,Factual containment-limit statement handed to W20/P9 only from evidence.,"docs/stages/p8/implementation/p8-w18-security-isolation-regression/02-workflow-oracles-and-handoff.md §§2,4,6",planned; no verification record
P8-W19,P8-V25 / W19-DV02,,Every plan-named mechanism maps to source-owned rows and observable authority.,docs/stages/p8/implementation/p8-w19-validation-guest-dual-track/01-dual-track-scenario-matrix.md §§2–3,inventory proposed; source evidence assumed/planned; no audit record
P8-W19,P8-V25 / W19-DV03/DV04,,"Separate VG/LG proof statements; single W16 envelope, state independence, evidence symmetry and fixture ownership.",docs/stages/p8/implementation/p8-w19-validation-guest-dual-track/01-dual-track-scenario-matrix.md §4; docs/stages/p8/implementation/p8-w19-validation-guest-dual-track/02-coexistence-and-workflow.md §§2–3,design review only; W16 not implemented
P8-W19,P8-V25 / W19-DV05,,"Execute retained suite; every executable row passes, blocked/pending listed and lost-coverage current.",docs/stages/p8/implementation/p8-w19-validation-guest-dual-track/02-coexistence-and-workflow.md §§5–6,not run; source suite/W16/approved-machine prerequisites absent or assumed
P8-W19,W19-DV06,,Evidence-backed split/limits to W20/P9; no claims for unexecuted rows.,docs/stages/p8/implementation/p8-w19-validation-guest-dual-track/02-coexistence-and-workflow.md §6; docs/stages/p8/implementation/p8-w19-validation-guest-dual-track/README.md downstream handoff,planned; verification record absent
P6-W01,P6-V01 / W01-DV01,,Inspect upstream actual P1/P2/P3 records and record evidence status; all inputs located or gaps escalated.,docs/stages/p6/implementation/p6-w01-gic-capability-discovery/05-validation-and-handoff.md §2,planned; upstream actual evidence not present per design snapshot; verification absent
P6-W01,P6-V01 / W01-DV02..DV04,,Model/reconcile fixtures; exact verdict/grade per defect class; distinct escalation with no silent default.,docs/stages/p6/implementation/p6-w01-gic-capability-discovery/03-code-contracts-capability-model.md §§2–4; docs/stages/p6/implementation/p6-w01-gic-capability-discovery/05-validation-and-handoff.md §2,proposed only; no source/test/verification record
P6-W01,P6-V01 / W01-DV05..DV07,,"Layering review, factual record and consumer review; probes/runtime reaction/telemetry correlation deferred to W02/W13.",docs/stages/p6/implementation/p6-w01-gic-capability-discovery/05-validation-and-handoff.md §§2–5,planned; record and verification absent
P6-W02,"P6-V02 / W02-DV01..DV04, DV06..DV10",,"Entry review, probe-before-write, global safe state/readback, failure paths, ledger/P3 mapping, residual cleanup, unsafe/layer/telemetry reviews.",docs/stages/p6/implementation/p6-w02-physical-gic-bring-up/07-validation-and-handoff.md §2,planned; no implementation/verification; upstream contracts assumed
P6-W02,P6-V03 / W02-DV05,,Every evidenced online pCPU independently initializes via same local path; no BSP-state reuse.,docs/stages/p6/implementation/p6-w02-physical-gic-bring-up/07-validation-and-handoff.md §2 DV05,planned; no QEMU evidence
P6-W02,W02-DV11,,W03/W04/W05 can consume readiness and initial-state facts.,docs/stages/p6/implementation/p6-w02-physical-gic-bring-up/07-validation-and-handoff.md §2 DV11,planned; no handoff record
P6-W03,"P6-V20 / W03-DV01..DV06,DV08",,"Entry/state ownership, exhaustive classification, ordinary/spurious/unknown/consumerless/repeated event outcomes and Guest isolation.",docs/stages/p6/implementation/p6-w03-physical-interrupt-lifecycle/06-validation-and-handoff.md §2,planned; no runtime/unit evidence or verification record
P6-W03,P6-V22 / W03-DV07,,Bounded synthetic/QEMU storm smoke preserves stated invariants; no production DoS claim.,docs/stages/p6/implementation/p6-w03-physical-interrupt-lifecycle/06-validation-and-handoff.md §2 DV07,planned; no evidence
P6-W03,P6-V24 / W03-DV09,,Bounded per-pCPU/per-ID counters/rate-limited telemetry observable/correlatable.,docs/stages/p6/implementation/p6-w03-physical-interrupt-lifecycle/06-validation-and-handoff.md §2 DV09,planned; W13 correlation not done
P6-W03,W03-DV10,,W04/W05/W07/W12/W13 consumer review without extending lifecycle.,docs/stages/p6/implementation/p6-w03-physical-interrupt-lifecycle/06-validation-and-handoff.md §2 DV10,planned
P6-W04,P6-V04 / W04-DV02..DV04,,Declared target forms and CPU0→CPU1 SGI attribution/completion.,docs/stages/p6/implementation/p6-w04-smp-interrupt-routing-sgi/06-validation-and-handoff.md §2,planned; no entry evidence or QEMU/host tests
P6-W04,P6-V05 / W04-DV05,,Reverse/multi-target sends and accounting converge or explain failed-target drift.,docs/stages/p6/implementation/p6-w04-smp-interrupt-routing-sgi/06-validation-and-handoff.md §2,planned; no evidence
P6-W04,P6-V06 / W04-DV06/DV07,,Changed SPI route reaches new target; invalid/busy route rejected unchanged.,docs/stages/p6/implementation/p6-w04-smp-interrupt-routing-sgi/06-validation-and-handoff.md §2,planned; no evidence
P6-W04,W04-DV08/DV09,,No scheduler/Guest policy; handoff consumer review.,docs/stages/p6/implementation/p6-w04-smp-interrupt-routing-sgi/06-validation-and-handoff.md §2,planned
P6-W05,"P6-V07 / W05-DV01,DV04,DV06,DV07",,Validated intake; one attributed future deadline; IRQ through W03; controlled cancel/rearm results.,docs/stages/p6/implementation/p6-w05-el2-generic-timer/06-validation-and-handoff.md §1,planned; P1/P2/W01-W03 prerequisites not evidenced
P6-W05,"P6-V08 / W05-DV03,DV05,DV08",,Monotonic reads across Guest entry/exit and repeated per-pCPU event stability within declared environment.,docs/stages/p6/implementation/p6-w05-el2-generic-timer/06-validation-and-handoff.md §1,planned; no QEMU/unit verification record
P6-W05,W05-DV09/DV10,,Telemetry inputs and mechanism-not-policy handoff to W06/W10/W11/W13/P7.,"docs/stages/p6/implementation/p6-w05-el2-generic-timer/06-validation-and-handoff.md §§1,3",planned
P6-W06,P6-V09 / W06-DV02/DV04,,"Guest direct virtual timer programming and expiry, masked-expiry honor, deferred expiry while absent delivered by next entry through W07/W08.",docs/stages/p6/implementation/p6-w06-guest-generic-timer/06-validation-and-handoff.md §1,planned; requires unimplemented P4/P1/W05/W07/W08
P6-W06,P6-V10 / W06-DV03/DV04,,HVC/controlled exit preserves vCPU timer without Host contamination; absent expiry gets event before next entry.,docs/stages/p6/implementation/p6-w06-guest-generic-timer/06-validation-and-handoff.md §1,planned; no verification
P6-W06,P6-V19 / W06-DV06,,"Per-vCPU isolation only if upstream multi-vCPU Guest execution is evidenced, else recorded block.",docs/stages/p6/implementation/p6-w06-guest-generic-timer/06-validation-and-handoff.md §1 DV06,conditional planned; prerequisite not evidenced
P6-W06,W06-DV01/DV05/DV07/DV08,,"Typed domains/intake, trapped access, counters and handoff review.",docs/stages/p6/implementation/p6-w06-guest-generic-timer/06-validation-and-handoff.md §§1–3,planned; records absent
P6-W07,W07-DV01 / DV02; P6-V11 share,,typed range intake and pending→presented→completed behavior with W08/W09,docs/stages/p6/implementation/p6-w07-virtual-interrupt-core/06-validation-and-handoff.md §1,planned; no implementation/verification record found
P6-W07,W07-DV03 / P6-V12,,deferred presentation persists; dead/draining handling and deterministic drain,docs/stages/p6/implementation/p6-w07-virtual-interrupt-core/06-validation-and-handoff.md §1,planned; P4 lifecycle assumed
P6-W07,W07-DV04 / P6-V14,,coalescing and saturation across pending/presented/active; active exclusion until completion,docs/stages/p6/implementation/p6-w07-virtual-interrupt-core/06-validation-and-handoff.md §1,planned
P6-W07,W07-DV05 / P6-V21 input,,"all P5 authorization denials structured, counted, state preserving; no panic/identity shortcut",docs/stages/p6/implementation/p6-w07-virtual-interrupt-core/06-validation-and-handoff.md §1,planned; P5 prerequisites assumed
P6-W07,W07-DV06 / P6-V18 share,,target bank isolation; QEMU multi-vCPU only with evidenced prerequisite,docs/stages/p6/implementation/p6-w07-virtual-interrupt-core/06-validation-and-handoff.md §1,planned; conditional on P3/P4 evidence
P6-W07,W07-DV07/DV08,,named telemetry and controller independence; consumer handoff contracts align,docs/stages/p6/implementation/p6-w07-virtual-interrupt-core/06-validation-and-handoff.md §§1–3,planned
P6-W08,W08-DV01 / P6-V01 consumption,,readiness validates discovery against W01/W02 and disables on mismatch,docs/stages/p6/implementation/p6-w08-gic-virtualization-interface/06-validation-and-handoff.md §1,planned; no record/verification evidence
P6-W08,W08-DV02/03 / P6-V11 share,,supported LR presentation and context preservation across declared transitions,docs/stages/p6/implementation/p6-w08-gic-virtualization-interface/06-validation-and-handoff.md §1,planned; W07/P4 assumed
P6-W08,W08-DV04 / P6-V16,,"fill discovered capacity, no overwrite/loss, excess pending and refill after capacity release",docs/stages/p6/implementation/p6-w08-gic-virtualization-interface/06-validation-and-handoff.md §1,planned; W09 boundary assumed
P6-W08,W08-DV05,,"priority mapping total, width-correct, order-preserving",docs/stages/p6/implementation/p6-w08-gic-virtualization-interface/06-validation-and-handoff.md §1,planned
P6-W08,W08-DV06 / P6-V18 share; DV08,,running-pCPU isolation/protocol conformance; audited unsafe and Arch/Core separation; no P8 ABI leakage,docs/stages/p6/implementation/p6-w08-gic-virtualization-interface/06-validation-and-handoff.md §1,planned; P4 multi-vCPU prerequisite assumed
P6-W08,W08-DV07,,"discovery, slot lifecycle, pressure and EOI error counters correlate",docs/stages/p6/implementation/p6-w08-gic-virtualization-interface/06-validation-and-handoff.md §§1–2,planned; W13 collection is downstream
P6-W09,W09-DV01 / P6-V16,,over-capacity pending remains without loss and freed slots reuse,docs/stages/p6/implementation/p6-w09-maintenance-interrupt/02-workflow-and-validation.md §3,planned; no run record
P6-W09,W09-DV02/DV03 / P6-V17,,"slot progression and Guest EOI completion correlate exactly once, no active leak",docs/stages/p6/implementation/p6-w09-maintenance-interrupt/02-workflow-and-validation.md §3,planned; W07/W08 contracts assumed
P6-W09,W09-DV04,,"unrecognized/contradictory status is contained, recorded, no lifecycle mutation/panic",docs/stages/p6/implementation/p6-w09-maintenance-interrupt/02-workflow-and-validation.md §3,planned debug/forced-decode exercise only; no hardware fault proof
P6-W09,W09-DV05–DV07,,"repeat progress, isolation, and controller-derived bounds/no allocation",docs/stages/p6/implementation/p6-w09-maintenance-interrupt/02-workflow-and-validation.md §3,planned
P6-W09,W09-DV08 / P6-V24,,six logical events correlated through W13 namespace,docs/stages/p6/implementation/p6-w09-maintenance-interrupt/02-workflow-and-validation.md §§3–4,planned; W13 namespace and collection not established
P6-W10,W10-DV01 / P6-V13,,"mask/pending/unmask, event preserved/completes once; L2 only if W08 exposes it",docs/stages/p6/implementation/p6-w10-interrupt-semantics/02-workflow-and-validation.md §3,planned; W11 run absent
P6-W10,W10-DV02/DV05 / P6-V14 and P6-V12 basis,,repeat collapses by W07 state; distinct pending events independent,docs/stages/p6/implementation/p6-w10-interrupt-semantics/02-workflow-and-validation.md §3,planned; W07 compatible queue semantics not verified
P6-W10,W10-DV03/DV04 / P6-V15,,"timer and ordinary vIRQ both progress; A first when simultaneous, survives pending behind existing presentation",docs/stages/p6/implementation/p6-w10-interrupt-semantics/02-workflow-and-validation.md §3,planned; ordering unsupported by currently reviewed W07/W08 proposals pending reconciliation
P6-W10,W10-DV06/DV07/DV08,,"exit class verdict, Guest control checks, and factual v0 record with no ABI overclaim",docs/stages/p6/implementation/p6-w10-interrupt-semantics/02-workflow-and-validation.md §§3–5,planned; no records/evidence
P6-W11,W11-DV01 / P6-V09–V19,,every declared scenario row complete and conditional modes explicit,docs/stages/p6/implementation/p6-w11-validation-guest-interrupt-suite/02-harness-and-workflow.md §4,planned matrix exists; no run/evidence record
P6-W11,W11-DV02/DV03/DV04,,"timer, vIRQ and Host-SGI Guest-observed rows run against owner contracts",docs/stages/p6/implementation/p6-w11-validation-guest-interrupt-suite/02-harness-and-workflow.md §4,planned; upstream mechanisms/contracts unproven
P6-W11,W11-DV05 / P6-V18/V19,,SMP tests pass with zero cross-vCPU events or explicit named BLOCKED record,docs/stages/p6/implementation/p6-w11-validation-guest-interrupt-suite/02-harness-and-workflow.md §4,planned conditional
P6-W11,W11-DV06/DV07,,missing Guest records cannot pass; declared suite classifications stable,docs/stages/p6/implementation/p6-w11-validation-guest-interrupt-suite/02-harness-and-workflow.md §§4–5,planned; harness absent
P6-W12,W12-DV01/DV02 / P6-V21,,invalid vIRQ operations are rejected; no Host/other VM effect,docs/stages/p6/implementation/p6-w12-fault-isolation-robustness/02-workflow-and-validation.md §3,planned; owning contracts/records absent
P6-W12,W12-DV03 / P6-V20,,spurious/unknown IRQ safely classified and counted,docs/stages/p6/implementation/p6-w12-fault-isolation-robustness/02-workflow-and-validation.md §3,planned; W03 hook prerequisite
P6-W12,W12-DV04/DV05,,impossible state escalates with diagnostics; unknown maintenance contained,docs/stages/p6/implementation/p6-w12-fault-isolation-robustness/02-workflow-and-validation.md §3,planned; W09/P0 evidence absent
P6-W12,W12-DV06 / P6-V22,,declared smoke completes with no observed corruption/hang under stated limits,docs/stages/p6/implementation/p6-w12-fault-isolation-robustness/02-workflow-and-validation.md §3,"planned, does not prove production DoS resistance"
P6-W12,P6-V29 / transferred P1 NC6,,"genuine asynchronous EL2 unexpected-vector event at least twice with deterministic source, full raw captures and provenance/phase/frame/bounded outcome",docs/stages/p6/plans/p6-w12-fault-isolation-robustness.md §work sequence 6 / acceptance,not represented by detailed-design matrix; README requires design revision before execution; blocked
P6-W13,W13-DV01 / P6-V23,,complete upstream regression set run with status per inventory item,docs/stages/p6/implementation/p6-w13-telemetry-regression-handoff/01-telemetry-and-evidence-map.md §4; docs/stages/p6/implementation/p6-w13-telemetry-regression-handoff/02-workflow-and-handoff.md §4,planned; P5-W10 inventory/P0 execution evidence prerequisite
P6-W13,P6-V24/V25/V26,,continuous telemetry correlation; method+environment/reps/caveat; declared QEMU integration/repeat positive/negative/recovery,docs/stages/p6/implementation/p6-w13-telemetry-regression-handoff/01-telemetry-and-evidence-map.md §§1–3,planned; source events and run evidence absent
P6-W13,P6-V27/V28,,all factual docs reconcile and every consumer gets proven/reserved/excluded and unresolved boundary,"docs/stages/p6/implementation/p6-w13-telemetry-regression-handoff/02-workflow-and-handoff.md §§2,4–6",planned; no records/consumer review evidence
P6-W13,P6-V29 transferred NC6,,two genuine async unexpected-vector executions or explicit block with approved environment/architecture path,docs/stages/p6/plans/p6-w13-telemetry-regression-handoff.md acceptance; docs/stages/p6/implementation/p6-w13-telemetry-regression-handoff/02-workflow-and-handoff.md §4,plan requires carry but design exit table omits; unresolved/blocked pending W12 design and W13 matrix revision
P7-W01,P7-V01/W01-DV01–06,,"citations resolvable, each input consumption consistent with task-book/ADR, blocks explicit, bypass classes and consumer use reviewable",docs/stages/p7/implementation/p7-w01-entry-contract-reconciliation/02-implementation-workflow.md §§3–5,planned review; no W01 record/verifier evidence in package snapshot
P7-W02,P7-V02,,normal Guest entry only via gate and all normal exits return scheduler; registered bypass classes enumerated and retired after activation,docs/stages/p7/implementation/p7-w02-scheduler-admission-lifecycle/05-validation-and-handoff.md,planned
P7-W02,P7-V03,,all state/event pairs total legal/invalid table and rejected invalid unchanged,docs/stages/p7/implementation/p7-w02-scheduler-admission-lifecycle/03-code-contracts-lifecycle.md §1.3; docs/stages/p7/implementation/p7-w02-scheduler-admission-lifecycle/05-validation-and-handoff.md,planned exhaustive host 7x9 matrix
P7-W02,P7-V04,,INV-1..5 mechanical checker and evidence on single-running/non-runnable exclusion,docs/stages/p7/implementation/p7-w02-scheduler-admission-lifecycle/03-code-contracts-lifecycle.md §3.1; docs/stages/p7/implementation/p7-w02-scheduler-admission-lifecycle/05-validation-and-handoff.md,planned; no tests
P7-W02,W02-DV07,,consumers can use lifecycle authority/invariants without redefining them,docs/stages/p7/implementation/p7-w02-scheduler-admission-lifecycle/05-validation-and-handoff.md,planned
P7-W03,P7-V05,,pinned mode is exactly one online/exclusive pCPU and matches P4 static baseline,docs/stages/p7/implementation/p7-w03-placement-configuration/README.md §Decision 1 / DV04 mapping,planned
P7-W03,P7-V06,,affinity/pinning/dedicated/shared sets obey eligible online pCPUs without conflict,README decisions 1–5,planned; requires P2/P3 facts
P7-W03,P7-V07,,invalid/empty/offline/conflicting/destroyed/reconfigured controls fail explicitly with no residue,"README requirement mapping / decisions 3,7",planned
P7-W04,P7-V08,,CPU-bound Guest returns to EL2 after declared slice; W05 reconsideration prevents monopolization,docs/stages/p7/implementation/p7-w04-preemption-context-switch/README.md requirement mapping / §Decision 1–4,"planned, depends on P6 deadline evidence"
P7-W04,P7-V09,,A→B→C→A preserves register/Stage2/timer/vIRQ/event classes and lifecycle/current-slot consistency,docs/stages/p7/implementation/p7-w04-preemption-context-switch/README.md requirement mapping / §Decision 5,planned; P4/P6 prerequisites assumed
P7-W04,W04-DV01/DV05,,prerequisite contract verdicts and failure/trace boundary reviewed,docs/stages/p7/implementation/p7-w04-preemption-context-switch/README.md implementation workflow/validation references,planned
P7-W05,P7-V10,,"1/2,2/4,4/8 makes progress without duplicate or non-runnable execution",docs/stages/p7/implementation/p7-w05-shared-mn-multivm/README.md requirement map / decision5,planned
P7-W05,P7-V11,,two VMs preserve opportunities under CPU/HVC/WFI competition; VM is not scheduler entity,docs/stages/p7/implementation/p7-w05-shared-mn-multivm/README.md current-state ledger / decision1,planned
P7-W05,P7-V12,,every equal-class continuously runnable and eligible vCPU gets sustained nonzero scheduled time within declared window,docs/stages/p7/implementation/p7-w05-shared-mn-multivm/README.md decision8,planned; slice/default/window constants not run/evidenced
P7-W06,P7-V13/W06-DV01–02,,WFI/WFE releases pCPU and preexisting event prevents strand,docs/stages/p7/implementation/p7-w06-block-wakeup/05-validation-and-handoff.md §1,planned
P7-W06,P7-V14/W06-DV03–06,,"timer/vIRQ/Notification/internal wakeups, no lost wake, invalid-state exclusions, deadline fold",docs/stages/p7/implementation/p7-w06-block-wakeup/05-validation-and-handoff.md §1,planned; prerequisite seams unproven
P7-W06,P7-V25 race stress,,W11 amplification exercises before/during/after-block and concurrent source race,docs/stages/p7/implementation/p7-w06-block-wakeup/05-validation-and-handoff.md §1,planned; W11 downstream
P7-W06,W06-DV08,,"no runqueue, notification object/API, wait queue or P6 mechanism modifications",docs/stages/p7/implementation/p7-w06-block-wakeup/05-validation-and-handoff.md §1,planned
P7-W07,P7-V15,,"running/runnable/blocked pause safe; no VM member running after complete; resume preserves placement, pending events and prior blocked/runnable condition",docs/stages/p7/implementation/p7-w07-pause-stop-fault/05-validation-and-handoff.md §1,planned; Paused→Blocked required but W02 current proposed table lacks it
P7-W07,P7-V16,,stopped/faulted excluded; guest-specific fault changes no other VM scheduling; no global panic,docs/stages/p7/implementation/p7-w07-pause-stop-fault/05-validation-and-handoff.md §1,planned
P7-W07,W07-DV02/DV05,,remote completion bounded and pause/wake/dispatch/resume races choose exactly one disposition,docs/stages/p7/implementation/p7-w07-pause-stop-fault/05-validation-and-handoff.md §1,"planned, W08/W06 sync unproven"
P7-W08,P7-V17 / W08-DV01-DV02,,distinct concurrent vCPU execution with owner-pCPU state isolation and no duplicate vCPU,docs/stages/p7/implementation/p7-w08-smp-reschedule-idle/05-validation-and-handoff.md §1,planned; no results or implementation; depends on P3 SMP baseline and W02/W03/W05 contracts
P7-W08,P7-V18 / W08-DV03-DV08,,remote work/control causes target reconsideration; placement is respected; idle is non-busy and wakes on closed source list; idle exit uses same admission/decision checks,docs/stages/p7/implementation/p7-w08-smp-reschedule-idle/05-validation-and-handoff.md §1,"planned; no results; P3-W07/P6-W04 transport, P6-W05 deadline fold, W06/W07 semantics are assumed/unproven"
P7-W08,W08-DV09 / P7-V25 preview,,request storms and request-vs-idle-entry have no lost/duplicated request under tested density,docs/stages/p7/implementation/p7-w08-smp-reschedule-idle/05-validation-and-handoff.md §1,planned only; W11 owns full stress evidence; W06 lost-wakeup counterevidence leaves protocol correctness blocked
P7-W08,W08-DV10 / P7-V19/V20,,request/delivery/refusal/iterations and idle transitions have coherent exactly-once W09 hooks,docs/stages/p7/implementation/p7-w08-smp-reschedule-idle/05-validation-and-handoff.md §1,"planned; W09 owns accounting semantics, no verification"
P8-W15,P8-V20 / W15-DV01-DV03,,source authorities checked; manifest has exact immutable identities/blocked cells; content table maps every included program to a named need and source,docs/stages/p8/implementation/p8-w15-reproducible-linux-fixture/02-implementation-and-review.md §3,planned; no manifest/content realization
P8-W15,P8-V20 / W15-DV04,,"acquisition and digest checks plus independent re-derivation for each claimed reproducible artifact, or explicit block naming missing approvals",docs/stages/p8/implementation/p8-w15-reproducible-linux-fixture/01-fixture-manifest-contract.md §4; 02 §3,planned; explicitly not a built-image claim; prerequisite approvals missing per design baseline
P8-W15,W15-DV06 / W09-W10 consumability,,consumers can use the manifest and content without inventing identity/content; W09/W10 semantics preserved,docs/stages/p8/implementation/p8-w15-reproducible-linux-fixture/02-implementation-and-review.md §3; README Downstream handoff,planned; cycle can be role-cut through abstract W09/W10 requirements before W15 realization; no such approved contract instance evidence
P8-W01,P8-V01 / W01-DV01-DV02,,each P0-P7 input has evidence link or explicit absent/block/conflict class; observed state and dates from inspected target tree; class follows contract rule,docs/stages/p8/implementation/p8-w01-entry-contract-reconciliation/02-review-workflow.md §3,planned; no W01 reconciliation or verification record present
P8-W01,P8-V01 / W01-DV03-DV04,,every P8 consumer has source row and exact limits; all required constraints normatively cited,docs/stages/p8/implementation/p8-w01-entry-contract-reconciliation/01-reconciliation-contract.md §§4-5; 02 §3,planned; no consumer coverage record
P8-W01,P8-V01 / W01-DV05-DV06,,all blocks/conflicts have owner+route; no machine value resolved; all links and no-completion/no-freeze claims reviewed,docs/stages/p8/implementation/p8-w01-entry-contract-reconciliation/02-review-workflow.md §§2-3,planned; not run
P8-W11,P8-V16; W11-DV01..DV06,,"Declared Linux progress and preserved timer/preemption/vIRQ/WFI/lifecycle/accounting semantics in 1:1 and M:N, with no fairness claim; prerequisites and review pass, executed via W16.",README mapping table; 01 §§1–6; 02 §§2–5; 03 §§1–6,planned; dependencies and execution unevidenced
P8-W11,W11-DV01,,Every P7/P6/W09/W10 seam has evidence pointer or explicit block; approved topology parameters named.,03 §2 Step 1,planned; upstream handoffs absent
P8-W11,W11-DV02/DV04,,Five valid scenario descriptors and matching executed runs; S11-R reserved.,02 §2; 03 §§2–4,planned; W15/W16 absent
P8-W12,P8-V17; W12-DV01..DV06,,"Memory-size/isolation matrix covers RAM classes, reserved/MMIO/Host boundaries, actionable diagnostics, ownership; no advanced memory feature claim.",01 §§2–6; 02 §§2–5; workflow validation matrix,planned; P2/P4/W02/W04/W05/W09/W10/W13/W15/W16 evidence absent
P8-W12,W12-DV02/DV03,,"L1/L2 categories, capacities within approved window, expected outcome derives from approved map facts.",01 §§2–5; 02 §§2–3,planned; no matrix or runs
P8-W12,W12-DV04/DV05,,"Executed workload/probe evidence, W13 diagnostic context sufficient, ownership retained.",02 §§3–5; workflow,planned; dependent contracts unverified
P8-W13,P8-V18; W13-DV01..DV06,,All listed fault classes have actionable VM/vCPU context and recent trace; Guest faults remain VM-facing and do not panic EL2; no full crash-analysis claim.,01 §§1–7; 02 §§2–6; workflow,planned; P0/P4 and owner contract evidence absent
P8-W13,W13-DV02/DV03,,Taxonomy classification and minimum context derived solely from captured owner facts.,01 §§2–5; 02 §§2–4,proposed; no implementation or event capture
P8-W13,W13-DV04/DV05,,Every induced owner-declared class has expected outcome/context and regression assertion; forbidden EL2/cross-VM outcomes fail.,01 §§5–7; 02 §6,planned; W15/W16/W18 not evidenced
P8-W14,P8-V19; W14-DV01..DV06,,Policy and planned drift detection for the same approved config; test cannot pass until v1 facts approved.,01 §§1–7; 02 §§1–5,design specified; all source facts and test execution blocked
P8-W14,W14-DV02/DV03/DV05,,"Complete matrix enumeration, mechanical C1-C4 change classification, ADR/version escalation and QEMU firewall.",01 §§2–7; 02 §3,planned review; no artifact/evidence
P8-W14,W14-DV04,,W16/W15 consumer-ready drift plan with explicit blocked state.,01 §6; 02 §4,blocked pending approved facts and consumer evidence
P8-W17,P8-V23; W17-DV01..DV06,,"Reproducible Linux baseline with full environment, raw records, limits/overhead disclosure, explicit blocked metrics, and no KPI claim.",01 §§2–6; 02 §§1–10; README mapping,planned; W16/W15/machine/counter/latency prerequisites and all runs absent
P8-W17,W17-DV02/DV03,,"M1–M7 method complete with one clock domain, retained samples, full environment/telemetry/platform limits.",01 §§2–5,design specified; review and run absent
P8-W17,W17-DV04/DV05,,Summaries reconstruct from retained raw data; comparisons obey method/environment rules; prohibited KPI/optimization language absent.,02 §§3–8; 01 §6,planned; no raw data or verification
P8-W20,P8-V26; W20-DV01..DV06,,All exit requirements P8-V01..V26 have real evidence and are reviewed last; factual docs and evidence index/limits/deltas/P9 statement exist; closure claim bounded to review.,01 §§1–5; 02 §§1–7; README table,planned; no closure artifacts or package verification evidence
P8-W20,W20-DV01/DV03,,"Complete package inventory/gate matrix; every `evidenced` link resolves to real verification evidence, not design/plan.","01 §4; 02 §§1,2,5",planned; records absent
P8-W20,W20-DV02/DV04/DV05,,No premature publication/kind-mixing; sourced full registers and deltas; evidence-only handoff.,01 §§2–5; 02 §§2–4,planned; decisions and records absent
P7-W09,P7-V19,,"vCPU/pCPU/VM counters coherent, monotonic, exactly-once across hooks; design specifies property and producer evidence need.",p7-w09-accounting-diagnostics/01-accounting-model.md §§3-5; 02-code-contracts-accounting.md A-1..A-5,planned; implementation/verification absent
P7-W09,P7-V20,,"Events include required identity/reason/time, distinguish stop-running reasons, and register through P0-W13 governance.","p7-w09-accounting-diagnostics/03-code-contracts-trace-diagnostics.md C-1..C-2,C-5",planned; governance registration and run evidence absent
P7-W09,P7-V21,,"Bounded diagnostics contain current pCPU, VM/vCPU/state/placement/reason/recent and pending events; no crash-dump claim.",p7-w09-accounting-diagnostics/03-code-contracts-trace-diagnostics.md C-3..C-5,planned; no verification record
P7-W10,P7-V22 / W10-DV01,,1 VM/1 vCPU/1 pCPU inherited regression remains stable; declaration only until run against scheduler admission.,p7-w10-validation-guest-suite/01-scenario-suite.md §2; 04-validation-and-handoff.md §1,planned; asset and execution evidence absent
P7-W10,P7-V23 / W10-DV02..DV06,,Counter/WFI/SGI/timer/shared-memory/HVC/pause/multi-VM scenarios have two-sided markers and telemetry expectations.,p7-w10-validation-guest-suite/01-scenario-suite.md §§3-4; 02-guest-test-asset-contract.md §§3-5,planned; per-scenario prerequisite and run statuses absent
P7-W10,W10-DV07..DV08,,Guest-platform review and catalog/module/expectation completeness.,p7-w10-validation-guest-suite/03-implementation-workflow.md §§5-6; 04-validation-and-handoff.md §§1-3,planned
P7-W11,P7-V24,,4pCPU/8vCPU/two-VM and 2x overcommit objectively classify corruption/starvation/livelock; 4x separately informational.,"p7-w11-stress-invariants/01-stress-scenario-matrices.md §§2,6; 02-invariant-checks-and-failure-signals.md §§3-4",planned; no runs/artifacts
P7-W11,P7-V25,,"Before/during/after block and pause/event timing profiles check no lost wake, duplicate run, or placement violation.",p7-w11-stress-invariants/01-stress-scenario-matrices.md §3; 02-invariant-checks-and-failure-signals.md INV-1/2/5/7,planned; statistical window coverage not runtime proof
P7-W11,P7-V26–V27,,Invariant/fairness and affinity/pinning/dedicated/shared stress predicates have observable failure signals.,p7-w11-stress-invariants/01-stress-scenario-matrices.md §§4-5; checks §§1-3,planned
P7-W12,P7-V28 / W12-DV02,,"All declared matrix/control families yield determinate result; PASS only with required markers, repeated outcome and no F-signal.",p7-w12-qemu-regression/01-regression-matrix-and-runner-contract.md §§2-5; 02-workflow-and-acceptance.md §3,planned; no execution evidence
P7-W12,W12-DV01/W12-DV03..DV04,,Runner and W11 composition reviewed; coverage and QEMU boundary are handed to W14.,p7-w12-qemu-regression/02-workflow-and-acceptance.md §§1-5,planned
P7-W13,P7-V29 / W13-DV01..DV04,,"Declared latency/switch metrics bind to W09 observables, one clock domain, full environment, repetitions/raw data, recomputable summaries and no KPI inference.",p7-w13-performance-baseline/01-measurement-method.md §§1-6; 02-scenarios-and-comparison.md §§2-5,planned; no runs/raw evidence
P7-W13,W13-DV05,,"W14 receives baseline location, limits, environment and open metrics/scenarios.",p7-w13-performance-baseline/03-workflow-and-acceptance.md §5,planned
P7-W14,P7-V30 / W14-DV01..DV05,,"All P7-V01..V30 statuses, evidence, limitations, unsafe/dependency inventories, P8 row links/status and closure readiness are reviewable; no evidence invented and no unsupported completion claim.",p7-w14-documentation-p8-handoff/01-closure-and-handoff-workflow.md §§2-6,planned; source records and W14 artifacts absent
P7-W14,P8 consumer boundary,,"P8 may consume only evidenced P7 facts via W01/W20 mediation; no machine ABI, Linux boot or P8-owned decision crosses handoff.",p7-w14-documentation-p8-handoff/README.md “Downstream handoff — P8 consumer mapping”; workflow §4,planned; mapping not instantiated/reviewed
